ID,target
kzUfFo77KgG06mSS.jpg,tulip
d0S5xHpUrzjpJVb6.jpg,sunflower
gvK7DJST0djANZSN.jpg,tulip
T3ohrkgqPiq0cDs8.jpg,tulip
bFLvatoL6CNBzLHd.jpg,daisy
UFtN74ERyrbQmyy8.jpg,dandelion
ZTYCdKsU0wHodJzO.jpg,daisy
F1jYobOAc7DW5WS0.jpg,sunflower
kCQv3JbRo3RLm6mK.jpg,tulip
uAO24NwBTutTIPqr.jpg,daisy
hC4Ctlm2D9PjOAOE.jpg,dandelion
7weBjc1t1F3V9dpd.jpg,rose
9KDcNg7QEqk5lkcp.jpg,sunflower
HMjXynLjMferjoZB.jpg,daisy
xin5p2FIb0OPMQQI.jpg,rose
jMcZxEqIneuRVdQX.jpg,tulip
sY1rqPqChVEUwpCh.jpg,rose
rZbETS86ttHAQzG9.jpg,dandelion
J0uExF0jYbbUkC8C.jpg,rose
TdSfm46Gc53rp6M7.jpg,dandelion
Jx78W0aazK5FDmH1.jpg,daisy
UaL7MIJc49FRE1T3.jpg,rose
ST70hJ0kUYqEGxAz.jpg,daisy
UaHZzLaizqYrjsDf.jpg,daisy
4MhTwnhne75Yp1UR.jpg,tulip
DwpIB5HiRSCBTxt7.jpg,rose
JX8XGjK1nt10ybNM.jpg,tulip
LoN15MQwv9oSaOm2.jpg,rose
44kuwK19ZaBIY10I.jpg,rose
e48xVHTAFfNEDKPZ.jpg,daisy
nCix5PY5rMzs9yCL.jpg,tulip
JYAdGZsvi0XU6fSn.jpg,sunflower
5bOSydKwsiVxi1mx.jpg,rose
EqJLYSoU1EHITFCO.jpg,dandelion
m3ytzbaSO4PHJYnE.jpg,tulip
FfkGBhGMugjubWiC.jpg,tulip
3wzIdiAjJpIdvrcF.jpg,tulip
CR1sLdJL21ZoB0gH.jpg,rose
o934wkdPrdvhy2gG.jpg,sunflower
dYv3IflmZbv0mjEm.jpg,daisy
DpGUcnJZVnyFRyqM.jpg,tulip
ZmUPb1QldP4PGLcq.jpg,tulip
t6IpA9gErhf1d2kA.jpg,dandelion
A1J3Qgp1xac8W3Be.jpg,sunflower
fgBzqrUOhkEvLQoD.jpg,sunflower
ho2bUyKD10xoPSjG.jpg,sunflower
SUnRBqLbEhBdrVFb.jpg,rose
QxSRqMI1wUplAoH1.jpg,dandelion
1E0ryVx9HngGNqSy.jpg,dandelion
tZfcHmde9q36ySPN.jpg,tulip
nNXQi14Dl9ITPi9o.jpg,tulip
w95bpzJDzt3jsOwT.jpg,rose
WotANaB8J0JBRgyV.jpg,tulip
dOTepdR1LFSr59vZ.jpg,dandelion
y2oCygC7eIEggCtJ.jpg,rose
KSMIbSdPu2De7F6w.jpg,daisy
xjZMZyDVxjmhXUTJ.jpg,rose
1t4WRPJ5p8KCUhgx.jpg,sunflower
LU6hWjGd3SaLgAAz.jpg,daisy
tynMrAfSTd1veLTf.jpg,dandelion
1HnwShGs7L6jz6f6.jpg,dandelion
rJ7SN8VS3kc1yLoN.jpg,daisy
Dai8ntBnuPkAbGyj.jpg,dandelion
P83oyfH7kmVEnJ0n.jpg,sunflower
2sQFAIl1ue7qHBtd.jpg,tulip
2iZhipDdPM5shqtA.jpg,daisy
PdPnBENXlustjV1L.jpg,dandelion
6Hiaoi75SBsDZLzY.jpg,rose
B75S3nqCZx97XniT.jpg,daisy
aRCyCO5ejq1wqh4W.jpg,rose
qKmpH1oLZgadv944.jpg,rose
t2xv8GXnjO77MNRo.jpg,daisy
HxeC3QCucb7ABKKf.jpg,sunflower
tVqaQysXrI8RF5qf.jpg,dandelion
ZYUui4yWA7vPhFvl.jpg,dandelion
Cimw5l8wdJh3mbet.jpg,tulip
EcK0NMHFnjq2lZdp.jpg,daisy
nHZplahgHGiVybm7.jpg,sunflower
Td5DyEE7UQK3DIuO.jpg,tulip
KFcDefd0iaKUy0os.jpg,rose
gQO7xCcQcml5hYBA.jpg,sunflower
kU37Eh5XxK140jG3.jpg,rose
dxTGuloBuI8HD4JO.jpg,daisy
eOswdByUOUGTcSbG.jpg,dandelion
zHTKV3Btl9eAhBWJ.jpg,daisy
X8paJOa3Em0UpyHf.jpg,dandelion
UZfQhSJVUAZpZxwX.jpg,sunflower
nxXqXDKAhmJbLAtL.jpg,daisy
kCh6kVshLoCatDLZ.jpg,daisy
jofWWcVmGpOWjkHc.jpg,tulip
mFoUVTudYJrz9Lj8.jpg,dandelion
Cy4jX84jJpIHsZ14.jpg,sunflower
Ihtu95bfcU2ZbvNk.jpg,dandelion
eYEsEmsu7e3iMYL7.jpg,daisy
5kqUJv4gU9pql6Nx.jpg,dandelion
CF7jzEWVKxms6VlD.jpg,rose
1rr4J3cAizXIKEfm.jpg,dandelion
xCoepxJ41IMwvLsb.jpg,sunflower
1G9VphVp3OnIxiye.jpg,sunflower
XJCdyRrThMIOSl3G.jpg,dandelion
DHpWCqOlWSUE86JE.jpg,sunflower
keNh7OaKkULSvR8W.jpg,rose
dQNVphpqsx55WGla.jpg,sunflower
9zGW1ukryjjcVbH3.jpg,daisy
HsdLnX6vr0S7q4bA.jpg,tulip
ZmWClBx98dwgkCoe.jpg,tulip
RtjWeZ10plQvgYa6.jpg,rose
M72bsU6Vq95ZtWG9.jpg,tulip
k6tUmubzrVHEHn3X.jpg,rose
hPaZHOY59kHjgw2b.jpg,rose
sAT51CcPA3eLEKgq.jpg,tulip
81rWQt8lSWbZYcvN.jpg,dandelion
aNZy3fdYofsyzQHP.jpg,dandelion
swGsYUSWNQbbfIqn.jpg,rose
QI1EglFNOlj510P4.jpg,dandelion
MiGfFPOlGKBPsAbI.jpg,dandelion
KaOnIRgC0F3nZEJm.jpg,sunflower
q3Wmg7qaJ9N8jLBZ.jpg,daisy
g4aL1McbO7fMMBDp.jpg,sunflower
NHrtK9VbJvf7YPVz.jpg,dandelion
fRKx2SiXi38Gczhr.jpg,tulip
oq1JWlm7a7e0UHnU.jpg,rose
EVZU1q5GvOuw2ngH.jpg,rose
kWoCuTPLWZKuHwfn.jpg,daisy
DKbrWXebCilG7k76.jpg,rose
7JrA0uWPAVCbHrVR.jpg,sunflower
8oR5H3rNCdI5FHV7.jpg,dandelion
A9ENYsppOEUM0TyD.jpg,daisy
UgN9SKa6lVk8Qb6X.jpg,daisy
U7gBrG12xO0Tqj21.jpg,tulip
QxZtjCubOpzcXuEB.jpg,sunflower
x7flIqc0xBHN5Gkt.jpg,dandelion
4AP1DGMr2zO1xFe9.jpg,daisy
PTklggalT4ZMn0Zm.jpg,tulip
7GI9iiCffBCFPVGl.jpg,dandelion
K4OVZ1lebaNmGZuH.jpg,tulip
4fm714ae9GU3gGin.jpg,sunflower
KTECsfmFgz2HWsP9.jpg,dandelion
qRp8zC2011uqCSUN.jpg,rose
HDlF0J0flmihxClM.jpg,rose
Fz2GSuMggtBhArYr.jpg,rose
ERA37RjIK0aWtiQe.jpg,sunflower
dhSudI7uvgYxH93F.jpg,tulip
QA8QV9jrDh8Tx5Gb.jpg,rose
j7olKBcpARE6HajL.jpg,dandelion
UGlj0jLg8CZSeKr4.jpg,daisy
OmHoWUzmbTHwkztk.jpg,dandelion
rAnjpIGRKgGc9bGT.jpg,sunflower
dletBayCM7Ijckn6.jpg,rose
KtxLNhD8gso0VePE.jpg,rose
SUu8RVbtMP6G2EsD.jpg,rose
JwMzNhUycVWeTC95.jpg,dandelion
7F0NDupoodd5b3RM.jpg,rose
u71owoYLSSXXrLnY.jpg,dandelion
ECPs7xsF7KLhGNZS.jpg,tulip
73ZKfPz3lGyYayWD.jpg,tulip
fnIdDw7bJwR5sJbK.jpg,rose
sMK5EXHpc6GzsDEC.jpg,sunflower
tWoGvDP4tvL1rxpB.jpg,dandelion
c07J0JIcL5nRNxvR.jpg,dandelion
FFSeTkayXmP1Imc6.jpg,daisy
Q6oOZ1hi4JpXtHi4.jpg,tulip
3btUd27Bst9D1IXS.jpg,tulip
DadkPVXa6FD6mPXN.jpg,dandelion
bhMNdl1rH2hMCqsO.jpg,tulip
glkMC2nkDrTaVjjw.jpg,tulip
1SHjnlK7VzxbYBsZ.jpg,tulip
4z1pLA0KLdCQwTVe.jpg,tulip
LJyeuutYiBD787dw.jpg,dandelion
Cht1GGEP6jDbI88m.jpg,tulip
8RaXEkwf2AXJNAjX.jpg,dandelion
BnrdEIFH4aiWV1KB.jpg,tulip
20btthflmTQNjYz6.jpg,rose
xdyMaUrm30rNq28i.jpg,dandelion
KNR2MvroFYJruUCR.jpg,tulip
b6NVxuFloTVTelnj.jpg,dandelion
fVVN7Fyu7jhgvcSf.jpg,sunflower
3Ig7vtwyd90Rc4Qh.jpg,tulip
LJFVJb1cKf0efLYE.jpg,tulip
Jz2Toa2jRxrNaQQz.jpg,tulip
B6pBtuDAE8Bs7Ofp.jpg,tulip
9vRgUIRtfkJhqgKk.jpg,sunflower
nf02Uv9nmKPaskNX.jpg,tulip
7qmkKK0Rq4fwZz8A.jpg,daisy
K5ga4Z4fQ3IbcbfX.jpg,dandelion
UNzMege13Q1G1OtC.jpg,rose
6B97SgBRjxS4meKB.jpg,tulip
KE2qWodkRehwcpb3.jpg,rose
jxKrJA9QPS45JQhN.jpg,tulip
uQiu4RqugH2zlq6j.jpg,rose
HPlnXjtrD2fPcDrm.jpg,tulip
EGTRd0Mn231PxK1P.jpg,daisy
jEEN9i7TJj9ms0IS.jpg,dandelion
NOmYVEqFTH9p7fRD.jpg,rose
oONdDdclihCchiTm.jpg,daisy
1LOOuTYscZTEQYDY.jpg,sunflower
zTlzkaLmNPpmRZPE.jpg,daisy
ln19kVKehgyc0ts4.jpg,tulip
7tRtaJyvdS2yn3Ek.jpg,daisy
e9cn4rbRt6S5atre.jpg,dandelion
R5ucO2MPTPT56GOe.jpg,tulip
t8AwJS7jnVs8FP9n.jpg,rose
ECQK216pSEDP6X7t.jpg,tulip
vrTOLDtvUd7iXhq3.jpg,tulip
6WWXX8U28VEysyLZ.jpg,rose
SfBO1E6PZYUBrEYs.jpg,rose
xaUt6VFAoRPYFe02.jpg,sunflower
XhY6WeavUPH9gfIE.jpg,dandelion
LmRX9smPlx0Tzi0A.jpg,tulip
E20yTErMkrbDcFCE.jpg,dandelion
fcq20Fe8Wa64EzJt.jpg,dandelion
qIP3acKGbbHU7GMB.jpg,tulip
EPDbO4Agvhiu1RpP.jpg,daisy
DqTo18GbAtLkqhtP.jpg,daisy
vW3PRxLbEMVooB2E.jpg,tulip
4wIQb6KyOt49uDbV.jpg,dandelion
5P1Ji23Wn4bzkoYy.jpg,sunflower
S3BOfwwIdSaO4tRI.jpg,daisy
r9U6nZ29ifoiwniv.jpg,tulip
VGiFyslo9ePBQRu8.jpg,tulip
q3ZFbxiY2YkQOyCN.jpg,dandelion
y40wUznvnjqAR3mg.jpg,sunflower
Fiyx5iFyCUuhZOBb.jpg,tulip
GqseNIrNtPzoDNTP.jpg,dandelion
x0i68g04etphJT5y.jpg,daisy
7CzR2SCiuyQeNRQL.jpg,dandelion
2MVogNCc39vJ3YCD.jpg,rose
ELHgt9Kuksf1Kwe8.jpg,daisy
JWt3YIf613Oc3BkA.jpg,dandelion
1kfECgqB3ngb6Y22.jpg,rose
6jrFKkciRHfELO3h.jpg,rose
VlEQGaw5ZZnAcUxE.jpg,tulip
dHdj6cYEC2YLmItW.jpg,sunflower
ysf1hl8Ag0KfrsJn.jpg,daisy
vYAeh4FHUWnvX05Q.jpg,daisy
shu8tJmmdhqBnTFr.jpg,rose
tLajdX38nd13qg7Q.jpg,daisy
bwAdwsxNRtiaoVdP.jpg,dandelion
KLd0WqNXF7nse2zc.jpg,daisy
KB0PZYpTzWb1pnCb.jpg,tulip
RSdOre4w69qyCc7w.jpg,daisy
ZQpdbGNy9aCsx16K.jpg,dandelion
DS7dP7NrCz12CIwG.jpg,rose
Je4Yt1iGdIZPbtR2.jpg,dandelion
8u0mCtsUMNEzB8mx.jpg,dandelion
a77XLzoZuyUAm2qA.jpg,rose
R3CsgFfgmFDtb0d6.jpg,rose
kkdz0BT7GIrZNOiP.jpg,tulip
0yMgLfnMVNJRr2nc.jpg,rose
zHGNnTNlUiDcLizP.jpg,tulip
VU6lgEF349D8QxQU.jpg,daisy
lfRQSw9TbaKm0ybA.jpg,dandelion
xYj4zkW4OdLlqkLH.jpg,dandelion
0W728SCB4UrbT9dT.jpg,dandelion
sap8z31XXyH0Ro8e.jpg,tulip
9UqAo3JNC2eFvR5w.jpg,sunflower
FTOAMRwG7xSjnoB8.jpg,dandelion
mtGeFPBSVE9aWKkN.jpg,dandelion
ZLUc7nt8cfLMFkIf.jpg,dandelion
S5WsPDu6dLPxAmRJ.jpg,tulip
TlzZyihCyj09aHqS.jpg,dandelion
unhI5nZKr6JGWqnf.jpg,rose
OXKvzGVfC0BII8cK.jpg,dandelion
8qQY1xFOLeiSzHld.jpg,daisy
XhYCPRkiGaENuG5G.jpg,dandelion
R6j1C7HNafrfUtEo.jpg,tulip
XU8AQxrbkB6f3xYg.jpg,sunflower
QjfqboRdLIQsarmw.jpg,tulip
CYYvXzKcyFD8whYW.jpg,rose
OSQWB3IkjBi4D0XN.jpg,sunflower
EDS1rqv2Gd8EJzv2.jpg,daisy
wvbiyP8iihnzB5AN.jpg,dandelion
3iCDZ26xbA63EKYp.jpg,daisy
uuiXujhKSG2ZBjYr.jpg,daisy
Z7PkP6c3zB78AG4H.jpg,rose
IWaVpQJuHSBLIPIQ.jpg,dandelion
gpy8qfhakPH9RaNn.jpg,sunflower
mSnPYqwfaaDXyqnI.jpg,dandelion
JgZrbpUbyMcj5P6L.jpg,rose
xw4gRuX3fzAV3IwY.jpg,dandelion
MzwxfH5qOVycEuVt.jpg,sunflower
kTJjF53Xoz1R0d2n.jpg,dandelion
rQU4yLTOA205hzaw.jpg,dandelion
1NaMWLYKZUrtz3US.jpg,daisy
syXDrGj79T0L6tYQ.jpg,tulip
9F3B58M3oBUb2az4.jpg,dandelion
mNoJrSCO0A043LRz.jpg,sunflower
mdqXSnIb1rmbS6qD.jpg,sunflower
pZEJSUcFIhsKfX3E.jpg,dandelion
SrDRUSrHHnqBgaUK.jpg,tulip
SMkEFykXCNzqrXyw.jpg,rose
wV31pABHWWUftCiJ.jpg,sunflower
naiN9BjJDpg1ghy1.jpg,sunflower
Bfh5ZPI3huHuafjH.jpg,rose
e0tr9m9I64xQCqm5.jpg,sunflower
UjLCHoF0ox3GgcP2.jpg,daisy
czu9OjJir8BVNSeh.jpg,dandelion
IOrOYdZsAuDEAsSl.jpg,dandelion
4ZoA8nTgrclwINzc.jpg,tulip
aLoXnN4YeIln60RF.jpg,tulip
np2DzHQPNtv571Z0.jpg,tulip
JGjJqDIUUymBpL0M.jpg,sunflower
f3i4fgI1rER2vUrH.jpg,sunflower
1B8H8mT2BdLyPnnD.jpg,rose
G2izYumuocB2ukOU.jpg,tulip
kMPAxNh7KuhsOqaJ.jpg,tulip
tFpq0fgx4eyjq8Wb.jpg,sunflower
dqjT816qO90v3LPt.jpg,rose
uIEQ1BvRxXgPq0x0.jpg,tulip
z1XQeU3H8e7isOhE.jpg,tulip
TjudmwPHGgyV0hpV.jpg,tulip
ltX4G9VFWiAlfWox.jpg,sunflower
fywQBfG1Y1TFIOxm.jpg,dandelion
vsF6o4zfcUw2mkPw.jpg,tulip
U4lpdbXuECQt5U10.jpg,dandelion
L9PtzF7F51bRtOf5.jpg,daisy
shx1dugyrZy29jDV.jpg,dandelion
53HtOjeytinowKXA.jpg,tulip
jFheQm2K47ceWAu6.jpg,rose
a2iRdbkCypN2ZksU.jpg,daisy
9zqSflK6RybEXBZy.jpg,tulip
qJulODMR11X9aYC2.jpg,sunflower
qDvSttHEwB4Rz4Hf.jpg,rose
dOuGugVnP4qvy2VP.jpg,dandelion
RKHpPsvcCNvkr9Rb.jpg,tulip
Dv7ao5HyC22TFM4C.jpg,dandelion
V9tfS0UZDXUPykPK.jpg,daisy
NcQYB3wN2VfZMLiJ.jpg,daisy
WOZIbqvrhoaFgUqm.jpg,tulip
ly6q3pFZllbn9DFY.jpg,daisy
oxa2pnXzNTP8biJ2.jpg,rose
8yknCkKAT0J4PCpb.jpg,dandelion
7ptiUOVUdSFg9TZT.jpg,rose
m2FuZibA4CMZ7M1S.jpg,tulip
edhhNo9sBejE1ixg.jpg,rose
AdQcDw54c5XEhvQQ.jpg,sunflower
TZ0DWmHfF6vniU7a.jpg,sunflower
ZSKWxMqW1tmA1SDn.jpg,rose
MsonMxMY3tsVVevj.jpg,rose
oE1CN2iJFjCV3wG9.jpg,dandelion
gnJi82u4MRSlqJV7.jpg,dandelion
usZhxR1laECyOZV4.jpg,daisy
Kz5lAgs7W1Sw0kI2.jpg,rose
oK0AjNaLqzOw87MI.jpg,sunflower
Jk0wWGTYwV8KtIsX.jpg,daisy
RnHi0E1LCUd7kpcn.jpg,sunflower
zR5kvqlb7JJaFCo3.jpg,dandelion
YBHVdBfjVFF6oRQu.jpg,tulip
GUazvxsoomg4GSNf.jpg,sunflower
oR1VeeEFRp1GCzbj.jpg,rose
3TrRaC1UX8yufFSR.jpg,dandelion
NRw2ZKv5BfRYsyWv.jpg,rose
1ZQCrq4yZwP39F1a.jpg,daisy
TUxwHL7hTlhTygXW.jpg,tulip
A4p7ih6NBjXbLc5J.jpg,dandelion
xdcwsvWpI12PmePU.jpg,daisy
531OhOctIOAh04m6.jpg,daisy
qHa3UEeC6OuBcWx5.jpg,tulip
bgbb0IIccKQQTpTa.jpg,daisy
gyTZBS4pFPvIcULI.jpg,sunflower
5gv572klMWApxJhc.jpg,sunflower
3HB6D1BXwLhtt7GF.jpg,rose
IQor0uFStEorKyYS.jpg,sunflower
0ibFuzorHyTzLTCo.jpg,daisy
nqZb8h75SyV9DYoW.jpg,dandelion
gxyo7E0pqtZodTyT.jpg,rose
rdTd7KmuJ8FWxhIi.jpg,rose
2znKwdjIIuEr0ag3.jpg,dandelion
NqTgCBoZ5R0RdvLG.jpg,dandelion
99GLbELz8yg22Ujp.jpg,daisy
bYaJXve2XUEDWSw8.jpg,tulip
C7Crld0cBXQy5IkK.jpg,tulip
nVq7kxzmGRP2CRTS.jpg,dandelion
6lowny843QPduy6E.jpg,rose
iPyP3clPPfYvLu6p.jpg,dandelion
ZJGpo1NMPO7CNwWI.jpg,sunflower
kOXczQh6JI0J7nYN.jpg,daisy
u77fS90qRQBD15h9.jpg,tulip
t9bW7E0nZHOqa7M3.jpg,tulip
hXgZCXHPDVIkNBbk.jpg,dandelion
1S7fPCccNdCDoguj.jpg,tulip
4BocQJzze97nucGF.jpg,dandelion
VMy4QVm2rHlkOarB.jpg,tulip
Ey7Fx1iMAxOSXOt1.jpg,sunflower
RczOGOILf9kZx8X0.jpg,dandelion
ZaEnm3cGMRGPFCqr.jpg,tulip
cnPmyyFALyu7UhSs.jpg,rose
ORPufktCUz208SsH.jpg,daisy
KrRdIYwZXPIwdlkF.jpg,dandelion
FgjH6v944HaFyxjB.jpg,dandelion
de4w1dGijJSR1coU.jpg,tulip
oKiX2jaELeLwxLpe.jpg,dandelion
kpyJctzKKRUBPhuZ.jpg,daisy
2lVoJDe3Dgq8dcc2.jpg,tulip
FWeWQGC1XVkZOefI.jpg,sunflower
oSUgROxm6QBKIMME.jpg,rose
0q1abY2ARc6tAmAP.jpg,dandelion
rHI4Hd20tRmMEkyC.jpg,dandelion
83JgHKhABTbUbOT4.jpg,rose
MozBbG4bBpDcciH1.jpg,rose
HWNe6GFjq60QTs3a.jpg,dandelion
ILa6F5unWgLsFmtE.jpg,sunflower
iKaRh2WykNrTeeSh.jpg,tulip
AbuJenLcCYVOU8Vc.jpg,dandelion
EfCsBWmB3ZRCe72w.jpg,tulip
c5rXeBOFGo5Iur3e.jpg,dandelion
FHp5ibMrs2WufdNo.jpg,dandelion
txIwYPBnrrhe1FLi.jpg,tulip
ygdyl8JNjbWkJhNK.jpg,dandelion
5o6vZkIE5UZ1Bc6J.jpg,daisy
mTkhdN0eb8o0U2Gb.jpg,rose
IAcxueS7Ro7jio0Z.jpg,dandelion
OLiOhz0Q2tPgH4kt.jpg,dandelion
GO04Hq5y6hHebdm0.jpg,rose
pkeB25czuEUVMcOP.jpg,sunflower
4YEt3bCxtAVcmPWX.jpg,sunflower
6lvXLu3VeR5VKRiO.jpg,rose
7R3LzdW3b9Xl12A3.jpg,dandelion
S18WHXFpqaRMk1OE.jpg,tulip
quDSjWoiQE7VNNI6.jpg,daisy
BDqobrlFRH1pstg5.jpg,daisy
lTvHQU3uZ44PhuBY.jpg,rose
bDxJacZw7W73rZLL.jpg,daisy
rfusN9L4aROLzbyL.jpg,dandelion
bmRd6rjXoO3oUFcL.jpg,rose
3HawPhtroP6FJSia.jpg,sunflower
qmu8WuCEn6R3ZPUi.jpg,sunflower
6rxhu8mwPgzQMSpd.jpg,tulip
0Ois1nevNCaMad5O.jpg,tulip
ivWpxMmWWHuGN22Q.jpg,dandelion
9YSzWIkFrsNSlsUy.jpg,tulip
InLzanL304VSqzcY.jpg,daisy
j7GdgpVtw1f6v5uo.jpg,daisy
pbt3IxJKvQeeMNa2.jpg,tulip
II5nfdKWaicQpz9c.jpg,tulip
YZLfZlN9qXLskUzT.jpg,rose
93gqaLU6hUBtoUEe.jpg,tulip
3UESanqmFfKDbynV.jpg,tulip
b2g0ow1QQprpK1hE.jpg,tulip
tE2EebObt8AI7fPg.jpg,dandelion
oGyiUfWZ2HVW2L8x.jpg,sunflower
n8SWBmLd8nq7dwHB.jpg,dandelion
kZzWyX85WbsCb2PO.jpg,dandelion
JH9fOKJqR1fb0qaK.jpg,rose
MpWzAeL4XMohKRxa.jpg,rose
nQkGSIgE0eglJvAh.jpg,sunflower
pbgrVb3mrEsyuMYD.jpg,tulip
JSydSO5QQ9v3Wx1d.jpg,tulip
8PlSLlu0nzgGLKDM.jpg,tulip
SAMjAcxlexWpq9vB.jpg,dandelion
EpWGa7efXKMQYCMG.jpg,sunflower
SHB3wBC8QNlEirVq.jpg,dandelion
5Qrlqhl8Xa4Bbydl.jpg,sunflower
8ONagkijGlg1be3R.jpg,daisy
6EQmYHPrCSkOoWZD.jpg,dandelion
YuNj5nlIPsnSrXwa.jpg,daisy
gj8pLHImaY7UsOym.jpg,rose
pBslWYckwXboULbS.jpg,tulip
ShndzdrPRkMscDMT.jpg,daisy
u3shoBxyuHlZdm3b.jpg,dandelion
J6R3FgNBnawWTrTx.jpg,sunflower
X57qV3LhkBMlVQPR.jpg,dandelion
QISDSmeh9jFArJkq.jpg,rose
9UHqGrXrFUCg7mdj.jpg,daisy
CZSUAxDNf6Zo94Rl.jpg,dandelion
XU0MGprK56LHSfwu.jpg,daisy
8zZ1l2siUFUgU82J.jpg,tulip
WjfpJ8KKBLCLBxrX.jpg,rose
kpQMT1GPnVQeKHL3.jpg,dandelion
3OV8u1UIl9tJWbp7.jpg,dandelion
iJgCDbvuLQCisS7W.jpg,dandelion
C2shGfMnGrl3gUFy.jpg,daisy
karel9rpGphpB6Ph.jpg,dandelion
9RP2BLWfd3HYZiis.jpg,rose
VPrYUDTBslNbG9hv.jpg,tulip
KTMSFurE16ed6HRT.jpg,tulip
nwnqB2Nhg7c7OZVH.jpg,daisy
mtIHbzOO7nM5hJzT.jpg,dandelion
LMESszvXVt626vTz.jpg,dandelion
mTdsu7xmyI3DQwNu.jpg,dandelion
kvoB320waE9oE81H.jpg,dandelion
S5Ke1Lzs2coqJM2h.jpg,tulip
28yRQ7gKTqAuPsth.jpg,dandelion
cUVcbrbj3lsV1Dyr.jpg,tulip
begzqCjWx6LxaP9W.jpg,tulip
mPPpNBfnJ2N9XxyL.jpg,daisy
FwgOxMfBW5a3zx50.jpg,rose
aqswtT1rIjyFPrND.jpg,sunflower
Cqifb94kGPGVszAC.jpg,daisy
DfWOzPG0W8oRByRe.jpg,rose
4tqOw3VtwOzDwa6L.jpg,daisy
Hw2eKJHNscNACkFm.jpg,rose
NSEI8F0yzA5Lk3uu.jpg,rose
8uXTY72Rif1L5ARw.jpg,tulip
AIa5Rbnp2N5Yctis.jpg,daisy
n63iGzhFqdkG9lzH.jpg,dandelion
gR1xUvP4oDQGdfGg.jpg,daisy
40zgW47glQ7QHm7C.jpg,sunflower
ovhvUwZrd8rsHaFF.jpg,dandelion
Cz75KntGOPRt8p0B.jpg,sunflower
B4CmkWqDa3PVn28M.jpg,sunflower
JRN3wHp5FGVCjvQz.jpg,daisy
5R0rJYWjnBtj8jq7.jpg,dandelion
6XC5sL4NCyyJcYUN.jpg,dandelion
9I2USTQFdvgkeNO1.jpg,tulip
K4kZdkWSLKqkPekb.jpg,dandelion
5UaAWj53IUcElGlz.jpg,dandelion
QZuI31yAKtjH7Txf.jpg,dandelion
hMOf6HqnCtLXVFL6.jpg,tulip
J09SyfW4tlOrluvs.jpg,daisy
EW2Fn66VU3gtMucH.jpg,dandelion
XioTZ08a67hJbU85.jpg,rose
7xOf3dAgRuJDSAjB.jpg,rose
OgnuWcd2WiNP6epn.jpg,rose
Mb8HCAG2ebKDahJP.jpg,dandelion
asRj6PX1iY0ZTaK4.jpg,daisy
sKRTLUK4mph8SZee.jpg,daisy
WMidmtYLkvUT00QJ.jpg,dandelion
SETiDR9WrG0mqEUd.jpg,tulip
PsU69fWvrzihJln4.jpg,dandelion
mZcsq8pUmNMkIV81.jpg,rose
9dwmTJkqMk3YbbZH.jpg,daisy
jUffN1KG6kxRZHhr.jpg,sunflower
f9ClbHI8tHuWkM1d.jpg,tulip
98nOXlYv6fQQeZJP.jpg,tulip
8WtzgmktQypc9sYK.jpg,daisy
tLMUJwe8dxiMDqWF.jpg,dandelion
C66nP8UDyvsUwELw.jpg,dandelion
6fF3BYkPFA0fLUoN.jpg,sunflower
wV3gkGJZb0T5KARw.jpg,sunflower
alvzJwxldyvAK19u.jpg,sunflower
4HoxpcOfvijBMIa4.jpg,tulip
NNJwC3MwQh1l19HA.jpg,sunflower
s9Kj5HY0Hb6mIP18.jpg,sunflower
P0MnwMaViXY71YUq.jpg,tulip
lqgE1rqaLyC45zpz.jpg,daisy
HLDZVuZvBmlSnsXs.jpg,tulip
7zBmB6MhDgWDbfdV.jpg,daisy
T6UVrLVrVinXLduu.jpg,rose
9ZuSdvhfsGjqXBKY.jpg,dandelion
MnPfGRrfZyygTsfJ.jpg,rose
CCMIusPZqQQB2RPI.jpg,sunflower
DN6k5miwGubkwn2i.jpg,tulip
hMuzac1aIIxDv9YV.jpg,dandelion
W4cBt2Ejupw1TJCj.jpg,sunflower
vHTTgloUbjlASZei.jpg,sunflower
FGolwxJNdcAM0uCX.jpg,dandelion
NmsGCCocbWtpOG8u.jpg,rose
VfzGj6onGjNtarTz.jpg,tulip
KrY2qImD4LrvtPBL.jpg,sunflower
QhmiL8XTnSqaLAMF.jpg,dandelion
Ecvcynr3G1HLaNSj.jpg,tulip
5Y2gwsVZg4THaJn9.jpg,tulip
W7XEKCu5rQFn5nDI.jpg,dandelion
pyWlpYVDDMIBHOEE.jpg,daisy
CPWlaftIFtjwTkPb.jpg,sunflower
DskYkv2NWJNOXeDs.jpg,rose
shzAv0AMPRzVmN58.jpg,rose
Kw7MhRAX3lvSxnWg.jpg,daisy
K8mFqq2TO51hHgCr.jpg,dandelion
feQ112c3s9Uywml9.jpg,dandelion
iDu6vkoELjFEjuKZ.jpg,rose
np6bjllfVjobG63f.jpg,rose
Ns4y9Q2iZygI54hg.jpg,tulip
Kuj8g5MMLC4EeipV.jpg,sunflower
dvs7DCwRp3TvKWeV.jpg,tulip
GgvXzAutzntgCBax.jpg,daisy
Fp3l0ngO28FEPsA5.jpg,rose
LcJ13hWJTVOsgfHY.jpg,rose
PBLHvGbPoMlycjMb.jpg,rose
qPN17IaO6rgoEm6N.jpg,dandelion
S5xOV853BCenE5av.jpg,dandelion
s7dzj34sveU6i9F2.jpg,tulip
f8EgGYdNnhAevr0v.jpg,rose
ywQ5Shp7eZKGuafR.jpg,dandelion
HYKvtkZMrHKUpNnE.jpg,dandelion
X8eSeggth3KJjdSE.jpg,rose
EgpNlkzO6sKW1axb.jpg,sunflower
KR2PAj6kLLFLfLoG.jpg,tulip
LqsZWodkb3VxEVyO.jpg,rose
B9e0Q1HBI9cSjGy7.jpg,tulip
M96sF6X1x0hY9N0F.jpg,tulip
6rwtNi8aU0bOjlYr.jpg,rose
zGsxo31W217OIQla.jpg,dandelion
SoINzL7FKk33CZmT.jpg,daisy
bhSd5iaU7qG2MSgR.jpg,tulip
jYtBlWm1RZjMfloi.jpg,rose
k3Z0z4bvC6Fmnm8f.jpg,dandelion
RCNDER52D2kpDOP0.jpg,sunflower
YBYeAWzDkSugVCtD.jpg,rose
mZWBPkEFkBufR6BO.jpg,sunflower
ewrj2PghCCTzOKRC.jpg,rose
uysw0k7y9fr6EdK2.jpg,tulip
Ams3Na2ThazNoAiM.jpg,rose
2xxPAl2lbElLlbDs.jpg,rose
YHY9aXffb0yFtGTx.jpg,daisy
viMlVqnBu4eTaXra.jpg,dandelion
I6Ea4Ii5YWZ8mTOx.jpg,daisy
V6AbBqNHgPruxTG0.jpg,dandelion
96xVeAlqauw5UEJB.jpg,rose
BKWovGWqayJDVQ7s.jpg,rose
hU6NIfmfN0F7DnaQ.jpg,sunflower
5ZxEduONnQ26Q9o8.jpg,rose
YBGwPgYss7JuThRK.jpg,daisy
Wy4FNcYoXANoGDfE.jpg,tulip
uEfQkWlsJRIqt9mz.jpg,daisy
6wvBuUMTgcVJYImO.jpg,dandelion
DzQ3lcwYMoR0sAcb.jpg,daisy
Em8M2IkVyKhumhaM.jpg,tulip
TepoveXmVN05yism.jpg,tulip
ETwyKpmpN4rYnGeL.jpg,sunflower
313c8M6Bfas3DLD9.jpg,tulip
kgnsiqdYJ3sv70Es.jpg,tulip
2kqlpGg7Tne2BuEu.jpg,tulip
J8Eu87mXXxLWoRu2.jpg,rose
hiuVCT9YvZ0Zi8H1.jpg,tulip
O2OeeZfy5KSfWvPd.jpg,daisy
1mhceKWykfLZC5M6.jpg,dandelion
HyRjvjDblZ1ne1EL.jpg,tulip
Q2zlbIiONdPnSV4j.jpg,tulip
gPwAswGxWjCKsEJ5.jpg,tulip
Qp0eRBWpTEZlS7Eo.jpg,tulip
GfjLbJEUtGB1to66.jpg,sunflower
PuwfD6oV3niyvOgO.jpg,rose
iK33oUahQRLNmm85.jpg,rose
qS7RIuuAeaYFGb8V.jpg,daisy
ktti6jtu85TtKXLW.jpg,tulip
QT6cPTL9AYOPoLMk.jpg,dandelion
VwdJT444EuRMPGcH.jpg,sunflower
ITTwedTZE8GtQBfa.jpg,tulip
Ei0jEBtlMtow6tGX.jpg,dandelion
EP79f0eenU7kY0ct.jpg,rose
TmKm0Bn0uNfkdDIq.jpg,dandelion
RFILEOYpFYz5lQjA.jpg,rose
Dm2SiFhPJzEDa7nk.jpg,rose
s7J262JHMZ2nt3Fb.jpg,tulip
5YjOeFoViloNn4GQ.jpg,dandelion
OBi3zgD115jbcvrg.jpg,dandelion
UG0PpLg1Mx1nxQzd.jpg,sunflower
rp623DVkCK9CoVAr.jpg,tulip
gsPDnWDuXraws0FH.jpg,rose
5vxxUtuY5zGqQt7U.jpg,dandelion
3dcB1qiukRuzPuuN.jpg,tulip
uvfg8AfVDOqq6HWP.jpg,rose
NE7ugkEMRnY4BSV9.jpg,tulip
YsScG3LaTpLL2eoi.jpg,tulip
7zZNYXHFSetiy7WN.jpg,daisy
2PYkapIh5kP1BsE8.jpg,sunflower
GZdbKxYxAi0mPeyv.jpg,daisy
PDX2mrWC9nQBICbq.jpg,daisy
baQmWOF0zpAXleJM.jpg,tulip
R79nVKt9Qy41gJos.jpg,sunflower
cgFPkBTTzncmio4d.jpg,dandelion
DM71ENjPsOQaLYrV.jpg,dandelion
0fVXjAP3qxW2M8et.jpg,dandelion
qeMLCBwoBcfA74cX.jpg,dandelion
j4rgiLIC1i6Wbj9q.jpg,dandelion
DTkgEsz9WAXtMAzM.jpg,daisy
5kkUpbX7WSsKof7h.jpg,dandelion
BxjfyMsmOMNjW6ZS.jpg,dandelion
TsdwKE8SbnUZ3TVP.jpg,daisy
8wDnMecl1rVeO66h.jpg,sunflower
k7cFZyEKt7EdBKKq.jpg,rose
rdNNkQFohxqLM6XI.jpg,tulip
cj55jKcpXtooQNe8.jpg,dandelion
leTZLgtYfT0ThEr4.jpg,tulip
nydv1lRfSMQZCO5x.jpg,tulip
Ow0b5eUE0A1gbDqk.jpg,sunflower
nOnPNjUj9U6xrlJw.jpg,sunflower
WsYmGsFF2J13LYm8.jpg,rose
9lvn4y8ONXoKSZQ4.jpg,rose
Nx94ihgKCOZsvhyf.jpg,daisy
TCB1PxLLwU7tQ3S2.jpg,sunflower
bOomODQD43iVd6VB.jpg,daisy
fEibzw1tEt6NYbYx.jpg,sunflower
USSbz1MYqBQLSKrY.jpg,dandelion
cUONxfg9qEo8N1oZ.jpg,sunflower
hnSCfDRN2K4LArYM.jpg,tulip
KDzilFajTCybzDf9.jpg,dandelion
5WrkwfWnBaz0q3Kb.jpg,rose
KKVHl5CE0lpZzvjR.jpg,daisy
Kzy7xrZ5HDi0MPJC.jpg,daisy
owBnkaHMbM0h7qS1.jpg,daisy
6BJiS2U52fBIexO0.jpg,sunflower
DCtg1ny9mgMWbGU2.jpg,tulip
rsPFbGbfGfogYtiB.jpg,daisy
dstOASi4clkLm6Z2.jpg,tulip
yi1wuOBOcFLTXUxI.jpg,tulip
HDaFKQ5qtzzOMiIJ.jpg,daisy
aw4OSwWX3eWGqRwB.jpg,dandelion
R7Iof1MCJntoRA2r.jpg,rose
164zbiCBj1OlKX4j.jpg,sunflower
fGF8GZLKImuTtLh7.jpg,sunflower
bdGio4jEFWvAsT25.jpg,daisy
HqUrCFrExG9CIHGe.jpg,rose
MJ6kkCMlbfgBUYIy.jpg,tulip
PEzEW4jrFsQwqCFz.jpg,dandelion
o0aKhZFX5RVBjrIE.jpg,sunflower
YYx3JnkgNTAewghi.jpg,tulip
YtlN0Fflbeq0tRAf.jpg,dandelion
XHY2scr4MeQtD9b4.jpg,rose
lwlkWYZsVbuGAiac.jpg,dandelion
4qIXS1nDOQ1FRsc6.jpg,tulip
Qe5ePF9346VkpC1r.jpg,tulip
p4WFIYDPJE0HPOMo.jpg,daisy
0vFywD7VOOhzxvkW.jpg,dandelion
VJQgO9W2qmDgoJzq.jpg,daisy
JU8ZBMNekb36vxsI.jpg,tulip
PAyAYge1Yw8soXRT.jpg,dandelion
HvXIVHz8rtZMrrDN.jpg,tulip
Gv0oQQDM8Wj5V2ef.jpg,tulip
ANxfnKnmVpihaGRS.jpg,dandelion
62bKEsB64BxuMwiG.jpg,rose
qNDwBaSVgFulAiNg.jpg,tulip
ouB6tuM1jwzqiRV2.jpg,daisy
RgT1m1MIe0v0KacM.jpg,rose
OEFSLVMpSM4wa3o6.jpg,tulip
Bym4wtyrf8JNLqxc.jpg,rose
cWs20Uo9ysr2MJMq.jpg,dandelion
l998mlAjp8M1WRwN.jpg,sunflower
qx8X2hWIkGDw5TD2.jpg,dandelion
4ngwIC9TdL2emDao.jpg,rose
bWnx9KCSB9BuaUhC.jpg,rose
tBlBHLQ6hRuaUJxT.jpg,dandelion
xRpapYXXQa17jK09.jpg,tulip
iawJWVxM8PJSULZG.jpg,tulip
i66y8KBVZrVC48LY.jpg,sunflower
0VpQPbXv0FXjjg8W.jpg,dandelion
Co2FDomMuctCMWGW.jpg,sunflower
Ta8uEGaMzW0tau3B.jpg,sunflower
dY17yPQXdISFg6UI.jpg,rose
lbEHfPLMIO9wOvSd.jpg,sunflower
iiVYHjPOHf4MUzHI.jpg,rose
W9PFd1uRReTkp32B.jpg,rose
YTJjcV91sAGnQMZg.jpg,tulip
W6MyUE72nx8AoGKC.jpg,rose
nZ39jqOc0yPQ13zi.jpg,tulip
gN15qEN4YRTUeI56.jpg,daisy
EuLskEZEYUUYN5Lm.jpg,tulip
wvKjOvoT3xOHWe51.jpg,sunflower
Z4Iz211NvLx7VpOg.jpg,rose
nCTB0rQhKcfiEFYq.jpg,rose
FnhnQvyBum9S1Wzv.jpg,rose
N6EdiIrGV37NHQw9.jpg,daisy
v6UjRJBijGQa4Gof.jpg,dandelion
J5Od0e37L6r6FZ52.jpg,dandelion
4Nrep2Zd81HfDF1R.jpg,sunflower
mG8Y28fLj8cSGBB6.jpg,tulip
oWVhgCDligM9H9Lw.jpg,tulip
nXttbSkBtd6Wp0KE.jpg,sunflower
5e0n3z3aaeEbjSjK.jpg,sunflower
ZB8lxLOO7FhtX9mO.jpg,rose
1pnlzECMN74vujM5.jpg,dandelion
Qqm8jDqA5HKpB0c8.jpg,daisy
lVDXYC9Ut4dT2sAh.jpg,rose
7amYNedzJbNDqi7w.jpg,tulip
vBdPHPz7MLcbifBe.jpg,sunflower
RWlIXtgTh2ij3EcV.jpg,tulip
PoiGtYOCtieN5ORv.jpg,dandelion
AbYytMgGJdCVTVuX.jpg,rose
Vqbud8LpIERfk8Mg.jpg,rose
zRgIfwlPvSaq43K1.jpg,sunflower
tSbpFQD4eQ2ImHIi.jpg,dandelion
C6k6PXbV5negG8gT.jpg,rose
bkHWgLijBnYXfBBb.jpg,sunflower
agd3uaNMXQ7e7Om0.jpg,rose
z15zzIFarYFk7CUx.jpg,rose
Z0HwptHSxF9xT1mQ.jpg,sunflower
4UdtXeSyEXj42YMh.jpg,tulip
2N4hES7X3BWOVWGY.jpg,rose
XgeL9IZSewNdNfSs.jpg,daisy
xtGU7ROp5UP18XqO.jpg,dandelion
uXWHAZK4OOxWRJs2.jpg,sunflower
NB6SN4tO2wZzwHCk.jpg,tulip
HoD395AN9cWlvLLA.jpg,dandelion
Z6rXYRWO8OeaOfBK.jpg,sunflower
Sh0VgUtRx0BjiCNs.jpg,daisy
OD0YHDzsBSCal3pT.jpg,rose
0o4PgSUgQvQtewC4.jpg,daisy
xCSpxi0ONAXB7X4q.jpg,tulip
214FqrdKbIgD3DP5.jpg,dandelion
7cnyk4WiTpsVpGB4.jpg,rose
8PRF6Q6eklehxLgA.jpg,rose
cI9pcJtCiJMI5mjr.jpg,dandelion
cNTkDHF2QPU0F7oh.jpg,dandelion
BYeiX22EQJ8g70AL.jpg,rose
iyNNU38Qe0gPWxNX.jpg,sunflower
43idT4wHQ8pQtImA.jpg,sunflower
fhYzG2snaDpb48VA.jpg,sunflower
q2InqbWFbULzeqQF.jpg,tulip
dxvxTnQU8BzWXfi5.jpg,dandelion
husEtAfkBt2aWO8D.jpg,tulip
MXcaZT6d721lHz8c.jpg,dandelion
8xigH3zjPisJbWbH.jpg,sunflower
dfKVGPHHiIcCAIyL.jpg,dandelion
5F5QifTdCXj0In3E.jpg,sunflower
KxB2wHVqoycUhmWm.jpg,tulip
Nqss2PihRBkrq9Yh.jpg,rose
IA3I76fpjP0R4REG.jpg,tulip
6xecqQTI5ZQivVno.jpg,sunflower
cMJf8NBLukw0WSjf.jpg,rose
0ogIPAiv9BrrX2eM.jpg,daisy
APkW7KwV97JY66lY.jpg,daisy
KZMYshTqD05jxMzY.jpg,tulip
Cis5zyBzjPXvbn3M.jpg,rose
lb6op28LyuxDRZvF.jpg,daisy
wUOJYG5IGbv8hfVP.jpg,daisy
0mY8FEyFytv2SkIw.jpg,dandelion
KZ0haVQ7GZGZPlAe.jpg,sunflower
StXaeoYFiZd3rzmc.jpg,dandelion
gXFD4XLsfIAhQf7W.jpg,daisy
dyL5lx8KJz0GVw9S.jpg,tulip
DOYnfz9hraMDpKTe.jpg,tulip
t6v5hnuuxPJKWgFu.jpg,sunflower
ONmjwuUyzpiROQaG.jpg,dandelion
50oyUb7D9XzrzLmv.jpg,daisy
roLYk27vMcWt9daN.jpg,daisy
ScNqrpwt5s4Q261q.jpg,rose
EVKHOEY8MBLbJoRx.jpg,sunflower
AshveQPFRKVRl8Fk.jpg,daisy
dmBzZYW55xthoza6.jpg,tulip
8tyKVhuk8jsEfxFD.jpg,sunflower
yMfA2xVPETXdMDGY.jpg,dandelion
vTRg1eta8P7aNo42.jpg,sunflower
9kkz3MR1ZxXlrQIK.jpg,rose
qN6Ash6rJtQgvsxq.jpg,rose
y6D5oknCHtKfknHp.jpg,sunflower
Qweq9jd5t4K8NAig.jpg,sunflower
8tw3wIaNVYzk13vU.jpg,dandelion
zHfQhZBKUBLxEmHn.jpg,tulip
lAvmUvYJ1Sdv0gm3.jpg,tulip
8hNM7sj6eNOpz8ft.jpg,dandelion
aFP3jLMtbyZXFmLm.jpg,daisy
wqyKIoMi89kmfuki.jpg,daisy
WFeaUilTC1ZSaoJ2.jpg,tulip
qwuPJFf2LSlgeWys.jpg,dandelion
iVX4XBH9qSFhU5DX.jpg,sunflower
llxSpSNXVX3sOfR4.jpg,daisy
fYnFoP3Ee91DX6dE.jpg,daisy
zdfytBi0oBbrllKo.jpg,dandelion
QVuMNykCglr0kfhW.jpg,rose
nFLqwdQFPaHWTLK6.jpg,daisy
grkQ1qLytWMwxSTX.jpg,tulip
TQe5zA43dM9p3TAp.jpg,daisy
seKoq61IJ7oeIJ6Y.jpg,rose
3EZyJ3TWINerq4Rm.jpg,tulip
ryrRTROonH4OZioy.jpg,tulip
7l2dycPjK8hwuDQ4.jpg,tulip
MhsrDf0CcenTeB88.jpg,tulip
b2dN8EWFNOBjtIBi.jpg,sunflower
izYmZ1tWCOG8J3D5.jpg,daisy
BJsrvEMmhh7MYyD3.jpg,daisy
Ti0kU40caWmVObhG.jpg,dandelion
S7KqAK7Zxa3k08vx.jpg,dandelion
D7coE3wujYyb4y6b.jpg,daisy
Ph9NABayEHlxhe1e.jpg,rose
enEx2UCRjcaySUxU.jpg,daisy
7CvyH2gaJ7waDSrp.jpg,rose
cyXonHjH8WEe9sUd.jpg,daisy
EBZw2TlsFFRgGwGA.jpg,rose
nkMZdDzhdDyEruSj.jpg,sunflower
dRO8bK18L0mWveuB.jpg,rose
j4FOYd933JETvovE.jpg,dandelion
GNTFP9AE3W02UTQ2.jpg,dandelion
u0gFlPrDqRSDc32F.jpg,dandelion
rGkCTzR8jaL57xnN.jpg,tulip
zxupNKHTtnxK2cf0.jpg,dandelion
cwgZ9psyzud4TFrc.jpg,daisy
nz15oxmrGw0coCDM.jpg,dandelion
ntGqRrDgQDDoDL2Q.jpg,tulip
orx7X7SWUMEvyc6K.jpg,rose
Ny0nbtSzqHaLVavT.jpg,tulip
vxPbnem7qw1Z8jBX.jpg,dandelion
RolmxeJiU3XUvwd5.jpg,tulip
IZhijdXBcgCUIwCm.jpg,sunflower
noe3c6x9Y9OeXKi3.jpg,dandelion
RCcjg90rF80ZA58R.jpg,dandelion
JnTGZ0rx4Norrqx3.jpg,dandelion
7OMPzmTruNchohtK.jpg,tulip
YpPxSUV8rqUtz8VT.jpg,daisy
81HrO7GP2Rlly8wL.jpg,tulip
ro1a9j1yvrPUhxIT.jpg,rose
L8JUDQkRmSJ6aSGa.jpg,sunflower
wG18e8DCLU4kTlDI.jpg,tulip
Jqvu69EwP23b0r5w.jpg,sunflower
V0jyoDHX1W5lMPii.jpg,dandelion
7FA2DjUqv8butiTZ.jpg,dandelion
x3bVmGRJzD0yk7nG.jpg,tulip
E4Dn182Il7Qdnu2I.jpg,daisy
3SQutrXXZKnXfEhj.jpg,rose
otXw9oOLC3zHEXch.jpg,sunflower
7X95P2jOWCr6nF4Q.jpg,daisy
ssRpeYaNmPnmE6RD.jpg,daisy
MsmTE2HGIGDzsBOS.jpg,dandelion
DBrWI8pNoqspjXeI.jpg,rose
UD52pcQQGanV04y6.jpg,daisy
LKwI7mtl3T6xRFTJ.jpg,daisy
ZsrX44xvO5rayNUx.jpg,sunflower
0LbmzS19qTeQP8B8.jpg,tulip
bVyt4rjDoknBKRHc.jpg,dandelion
WPPotqOUkXrQBhO0.jpg,rose
4bwTqqDlUfoNRkwY.jpg,rose
2bZAPXwiYdsMVy9r.jpg,sunflower
gvE71vcoLtADjmyh.jpg,sunflower
dzySbCPoGrRqu0IC.jpg,tulip
yxXZnZC8UVDnKoyv.jpg,tulip
oS8VtCBXvCjxJ0Xt.jpg,dandelion
J78u9ojd09YDDNrT.jpg,dandelion
rdawkKBYxyeeeeS5.jpg,daisy
IaUT82gghPAXHTGH.jpg,tulip
wpbrhulvJYrMTCe8.jpg,rose
YCJc2XCd9EVC4KtS.jpg,tulip
pgLBVBqb1csTgOHf.jpg,dandelion
s0TIsCcbrLaI9UYI.jpg,daisy
Rhk1GIOxKoUY5C8U.jpg,sunflower
yLcUViGlCsXzJWif.jpg,rose
fmJuZ094vJ1RlwGb.jpg,rose
FgXfR3rXupK4SshH.jpg,rose
CirVBmL0rnF1irjx.jpg,dandelion
kL0GkKXkpiHrFtrB.jpg,tulip
xzWc3UFpMt2Ilgp5.jpg,rose
mBkQh8NymesrqsXO.jpg,dandelion
V3Ihtib0H1f2Ekdg.jpg,daisy
iTdULPQoNrb6VXRR.jpg,daisy
nohu04Kxj7DAUs4e.jpg,sunflower
Ogc9ErKni9oq7KWU.jpg,dandelion
rJgMD7ESSRuU4F5Y.jpg,rose
vHQVm8MHP3Uid6Af.jpg,rose
OG3e9S4BaTf61Zmd.jpg,sunflower
Wc5hwJxqBTsIg7AS.jpg,daisy
Fb8CDhJhyZFytMz6.jpg,tulip
7DTpK1CfDx00WUFy.jpg,tulip
LVahx8hDrci2uaPJ.jpg,rose
fDYocCR5TjUBfizy.jpg,rose
brolKPntaxiXejJg.jpg,sunflower
dPJaOXalu4f4mITG.jpg,dandelion
7hjnDvTkSI9dXIkt.jpg,daisy
2KWsRUb6bYuQ43yu.jpg,tulip
xnPpjqkAtDodFaoo.jpg,sunflower
0JNydBKthbvVIR5M.jpg,rose
YEXe3ZoHREYgMh03.jpg,tulip
ZlFPmTgYpyM02dR6.jpg,tulip
Tn5CrjvAk6cHeEOZ.jpg,tulip
O8VVXLocI2yAOIum.jpg,tulip
e5zR9fIh0HrDJOA1.jpg,tulip
jtaogwyNn0GD9pWE.jpg,sunflower
vCJLUSUs3SOcwEQp.jpg,sunflower
DXxpxbORT8psKzrR.jpg,sunflower
iJJ4Kh6wRqv2GORq.jpg,rose
6SKZZOzMpooyuERQ.jpg,dandelion
KXo3mlCip2Tz2hzG.jpg,daisy
n4SiOoTMISdFyozh.jpg,daisy
EUlgUzHUp8tfA7ZB.jpg,rose
OmqMYI6rJQw4H9d4.jpg,sunflower
JIFolo4eTSGBVJWA.jpg,rose
jow9zXPmayrTiGyE.jpg,sunflower
JVChrqQdDqHkQXLy.jpg,rose
Am3OVXnZXZMxv2gL.jpg,sunflower
paO4SpWo7y0oGPNk.jpg,rose
uH6p50NHtTSUy9h3.jpg,sunflower
g8cruELS8BzjQ0dL.jpg,tulip
XkYPbaWO0R04iKik.jpg,dandelion
TjnicotIKZZ0HLaN.jpg,tulip
VntiHyDHe27eEyFd.jpg,tulip
S4Md6QncLRY35Ny3.jpg,dandelion
4GnolhUVBvna260o.jpg,rose
zelJnjIxGedYVAXA.jpg,tulip
DDpHCnkT1tAfxsf8.jpg,daisy
sYcwVgDORnjXXYP0.jpg,daisy
g5lCxeoPazcYlj6n.jpg,sunflower
n7BcIx7Dupn6LQPK.jpg,rose
wIremsDB2XhO1uvx.jpg,sunflower
Hq0nivq8ibTftu4K.jpg,dandelion
SYcJLghGRgATSj6y.jpg,daisy
JI7RT02okNNxYxqP.jpg,daisy
xaNPCfGukE6rJTrO.jpg,sunflower
JiQIXs9clNd3za4B.jpg,daisy
1ufvV60Izo8lKA2W.jpg,dandelion
ii5kocAeGhQCVqoy.jpg,daisy
rDfdBhZQz8cWwE2N.jpg,tulip
ExxBrqKV4DkVR8T8.jpg,rose
oUn6QO7diI6ZzICM.jpg,rose
ot021qzbK4cv54m7.jpg,rose
jA67YMPcanuEdMCV.jpg,tulip
FItiiqVAQFtZ6SIo.jpg,rose
StMwlAVxTb2q7N63.jpg,sunflower
M7EGaco06tsXLwtS.jpg,dandelion
RW8DpONru0h6kz2B.jpg,sunflower
SWEmJQxNrC2snK35.jpg,daisy
GuLG147TpwAOsugt.jpg,dandelion
DnqJQT3u9NIyNTS8.jpg,dandelion
FcZVH7PnceWFnDMk.jpg,dandelion
UHxpkFirNjHi6szP.jpg,daisy
yli5rAEzMOE2vjDe.jpg,rose
i0Cl7AUx1vvz6bWE.jpg,tulip
VeivbwaLG8Bnu9oG.jpg,sunflower
V5g33C9BiApin0xw.jpg,sunflower
TSAJCNxMzSXLRhR9.jpg,rose
q8VBVJAPLgUFrZMG.jpg,daisy
634x9WIHmRalHOVU.jpg,rose
lIcd4sOgl6JLm2l9.jpg,rose
LS9IPJMXSkNsxfQ5.jpg,rose
QVcymOM15Iq0R2Wu.jpg,rose
99VINs1Bv7sDdxb2.jpg,sunflower
gy33qv5b3X5POwHY.jpg,tulip
tytHaSfW9yGvpGZg.jpg,sunflower
IXcGdBh6DIGjWhr2.jpg,tulip
JnUE5LJfXP8v3kbl.jpg,dandelion
sUwFfvnXQqxAu3cG.jpg,dandelion
RsN8RgwhmwgFI87z.jpg,rose
9reSflEwQlfmNi4D.jpg,rose
gnADYAYoedc4xZq0.jpg,tulip
MLxBYZa09vPXYBQ2.jpg,sunflower
bxdPW3JNLwhQ6Hli.jpg,tulip
qp59Yk9MiKFAWdRe.jpg,tulip
V6gmam2n2gj6ndvt.jpg,tulip
Bd3NPb1wfT26Pgcg.jpg,sunflower
aUGDQO4qDrB3DKih.jpg,sunflower
pzCVHwqoz80GSFqT.jpg,dandelion
1Keo2BwepTKxHHZk.jpg,daisy
pDpYnbU0AaVqwYUx.jpg,rose
gvdWjmsOJvTkyv1N.jpg,tulip
UCW2tnzlP0WHcp5Q.jpg,dandelion
l2B6vSgomkz9I2Wk.jpg,tulip
9P5VveTMW0oFQ4iJ.jpg,rose
uKsiYDBrD9iZe3Dq.jpg,rose
F1fuotoMvmmWN4QS.jpg,tulip
mo8K62aghnERK6fC.jpg,tulip
RpREUmqmNZbdemsN.jpg,sunflower
oSMYaPSnwQ6KnVZt.jpg,daisy
pbbWDzO7gI54KkLe.jpg,daisy
6UE8cL062cwPKk8n.jpg,daisy
JKJ0SBPBBHx60bpY.jpg,daisy
VHCOOyU2qh2cjXxw.jpg,sunflower
1Ym4Kzm0kR8eXfat.jpg,dandelion
PNOZtIlJ4ETaEI3W.jpg,sunflower
KStpr5lfNHCivUHk.jpg,rose
I59TqxS2FtkpNzxv.jpg,rose
1zKq4MyuuwHjZHep.jpg,tulip
lbs105qzcstfBkrx.jpg,tulip
EddW4QXu5Z7c63NW.jpg,sunflower
sllzI6srMOuNYKBq.jpg,daisy
qaxFIjpSO5JDKprl.jpg,rose
6S0wHyABgO8H5HR0.jpg,tulip
wR9OyXIbkOGj0b9B.jpg,rose
XwbAfTHEcLpkqVXb.jpg,tulip
ap135MhNxt12QME5.jpg,daisy
mpCrE9mdEAV7tCv5.jpg,rose
AT9H1wZzMePQRKwH.jpg,tulip
R0XDlogGzYdGxcOU.jpg,sunflower
uatBjWnByGyfGLML.jpg,daisy
jqGqDtQTMZVREnt8.jpg,dandelion
iRBmDEhU2NBUVWp7.jpg,sunflower
yofRmPtkkhsNPnDE.jpg,dandelion
IPAm0cSyUoawsZJ4.jpg,sunflower
TtzgTXkTnDYSuaFB.jpg,dandelion
BxlEsikrcTExUxft.jpg,daisy
gLNbkQeq7dyKLSSO.jpg,tulip
yd3ts7MXCHbmBgLg.jpg,dandelion
FEgBU4ICrma97Ioq.jpg,dandelion
p8TWwMYSa3YOZJDO.jpg,dandelion
HTN7F8E881awvXPU.jpg,tulip
Nxf5FbsdtZ9dZRc6.jpg,rose
0bbZBkPihSTY65hs.jpg,rose
RdL1OFAukS1Y1YMv.jpg,daisy
PHItbFzSvvp1aSqh.jpg,rose
7qPABD9eypDWjvFP.jpg,rose
LypAwDzbDLRIbpeC.jpg,dandelion
SJz6sp3aIMPJBXiH.jpg,dandelion
x2BD6KLfVdL4iDr0.jpg,dandelion
mHKcbAs0YIZC7MWc.jpg,rose
jUwNI22JcU4eZKJE.jpg,dandelion
Ifz7PJHl1AtmBO3R.jpg,tulip
KQyO0QvczGhaDZrz.jpg,rose
EwhwTk5M0O3nOtdP.jpg,tulip
6V4OjIFb92xk2nNd.jpg,tulip
7899Y9AMhykTnlA0.jpg,dandelion
592V1Ysun4p9ZiAO.jpg,rose
gcjgGFgyKPv57nPv.jpg,daisy
3iSK8jg2PP2BMA2U.jpg,daisy
6cGS76ai4u3e3TCC.jpg,tulip
jIqcSQM1Rg5ITqUH.jpg,tulip
wBFtEuDx4GSYILiq.jpg,daisy
FjV2ODBYRz66L0I6.jpg,dandelion
0bwViqbvnluFsTCF.jpg,dandelion
jXhO991tnDVjgfr1.jpg,daisy
zZwsYb0645x6rPsD.jpg,daisy
XMQBoqO56gG0fosi.jpg,dandelion
psp5lt1Cp47k8ETM.jpg,daisy
n0SwY89dY4XoDxhD.jpg,tulip
ZhnY0kOIUTJKcVd2.jpg,rose
G0JFw45znUe9ibvR.jpg,sunflower
t5wf4WY2XqNkpTot.jpg,sunflower
cyOp7gqyKP0dZG14.jpg,dandelion
ltuX5EqxNvAIlNgi.jpg,sunflower
Zml6kq68MXvGgroo.jpg,sunflower
nwp2MshDsWpGFnZu.jpg,dandelion
e7wjg1PsqCE30QYt.jpg,dandelion
M0FfPIMwTQl3YxvP.jpg,rose
E1vpvFN8sPb52Hhg.jpg,sunflower
XUnHWrEU22GYHm6h.jpg,daisy
Sfgk1RAUiduIcx02.jpg,sunflower
iyWuUGD6zevvdC2p.jpg,sunflower
vUmdcHw4uQT7AL2I.jpg,dandelion
5x8m8xMEQRwWBWJc.jpg,sunflower
ZWYUCxUveViab9IB.jpg,tulip
xOpznIuqR2uM7HC1.jpg,rose
DugBTpzVITONnOuG.jpg,dandelion
sWCfYgzyVDraAGNz.jpg,rose
Iom1qDogZJ1Y4hjQ.jpg,dandelion
H1PzSUYraBlQmYOh.jpg,dandelion
oN1fGSCqNhXmt8lF.jpg,dandelion
YjdkCS7hut7dsjj4.jpg,dandelion
LIrkfacoipKzeQjr.jpg,sunflower
maEVfR5tuJy0TQdx.jpg,sunflower
Tlur9BISTfD2vazm.jpg,tulip
3mdymgrNz31V0RO7.jpg,tulip
kMdxHY5llkuoBvAv.jpg,daisy
GUJoAUY3eKV0FOUs.jpg,tulip
bgC96iz0lNn2frHG.jpg,daisy
1cszEnARZU7toa2z.jpg,sunflower
RLcDKkeg3bBjeO7L.jpg,sunflower
ge2P0PZf1DnJaNqK.jpg,tulip
HxUys9ztpMC71bpk.jpg,daisy
n47BHE6dS6rGR0zd.jpg,tulip
D87CvmscszQK1gHC.jpg,tulip
6YtPeDArRFIsbfbr.jpg,daisy
VGc3xwPAVHdyHgil.jpg,tulip
KGRNW2WJzdLZCIv5.jpg,sunflower
Cb4Yze9SB1HcIIGI.jpg,dandelion
92QjKZz83FwlWBnH.jpg,daisy
6aQ9nTl670wm5TJw.jpg,tulip
h7NzURjzgvzef1Cc.jpg,sunflower
ILsEdd26gkvbpmcu.jpg,tulip
jpPErBqAJa8Avo8b.jpg,tulip
gVSblohh2RkI1AJA.jpg,dandelion
2vkJVIT3LsHbumFY.jpg,daisy
ZMnXEsZYaZmtqswA.jpg,sunflower
hjnafYejZzUooBwI.jpg,rose
XF1AAtZbyZZXRmVx.jpg,tulip
sUNzhmQHXPjOpEEL.jpg,tulip
junQwnpYSfM3PeLd.jpg,tulip
EWRPKgWXy6QLlJZf.jpg,dandelion
YZ78ot7Gxt1JenMb.jpg,daisy
SOaSBjauofpPjYDr.jpg,dandelion
OkbYYSyRfYSdFnzA.jpg,sunflower
n479cnay871aGmMY.jpg,tulip
awZ8moXynFKSlhII.jpg,tulip
74JGwxSpnNawbWwJ.jpg,rose
61G0qpCFwDwgxhO2.jpg,rose
CHJp0vRxnAXOLzHE.jpg,sunflower
JehiNH3ynMNYXBF4.jpg,tulip
iqdDksnObMkB1Pyv.jpg,tulip
YckwrCSyWOr8Nesl.jpg,rose
e9otkr5qUfrciogW.jpg,rose
FtfHmitsiCmvLSgw.jpg,tulip
pYmEC2KxUO2ai95N.jpg,dandelion
xwOgCJN0Z5fHbMYb.jpg,rose
VT0sjWFC7sIFdbkp.jpg,sunflower
l0iacfMKJJdbmrev.jpg,daisy
2plMsIg5cVi3YFPj.jpg,dandelion
nZtOzltCYgJW3O9p.jpg,daisy
g4KCTPdeHV9YEH0n.jpg,rose
7qCTiNZXEMYUsRQf.jpg,daisy
n7pfcDy6CbS8SJE4.jpg,tulip
uNtT2FHNiELwD8cU.jpg,dandelion
ZjZOZL4R4TihXegM.jpg,daisy
P47L7XniZ5Qiq5mN.jpg,tulip
gREGYMYrSjQUhYRF.jpg,tulip
2DMIFfYCS4ngIZ4q.jpg,dandelion
xm7QFsaxWQWe2Nj8.jpg,tulip
nZFl86PQ9xHDoDV3.jpg,rose
lOHFTZLBoIv3ymzV.jpg,rose
XaIMGvSqpRhmEzPd.jpg,tulip
F8qp6PK92DKFMurD.jpg,daisy
ArVvWcrwMfnuF7ca.jpg,sunflower
rf9P1g6gcdHgHJtz.jpg,daisy
1Or5Lv8j2JKFI82r.jpg,tulip
NmRFw9CtXr402PSI.jpg,rose
xliTikcwuFO12Te9.jpg,tulip
cs7yr6bv4DAzV8Iq.jpg,tulip
HJNrj7DR6hUEywpV.jpg,daisy
U28667BjZmrbYpHo.jpg,tulip
D4yQcUGRnEuTQiTC.jpg,rose
bnp1GJoP9bMHR5H6.jpg,sunflower
6ywWuoqM6GdndCoL.jpg,tulip
1svaD1OPt23m34J0.jpg,tulip
PTdpArycVBa5OPy5.jpg,sunflower
2ogCS7feqCscqcwn.jpg,rose
pArk7g9TJfwH9SMF.jpg,rose
WRsuedgxpF2ALAib.jpg,dandelion
faqu8KdakClQ3QKb.jpg,dandelion
DFGARiOiCzzh9tfg.jpg,rose
2Au6SbYItgzUVsKP.jpg,tulip
SxsiW3UYCRhlJyON.jpg,dandelion
KqLpP3PRHiV83goT.jpg,sunflower
c3r6ZMofrMnLzkck.jpg,dandelion
d5cct8x6mcouZQVn.jpg,rose
UftykCf2mLRMQVpN.jpg,sunflower
WcUc6SukLTLHFLh4.jpg,tulip
Hjg96IugCqBS4EFq.jpg,sunflower
3AvA0kbJpaERpJKC.jpg,sunflower
2rfnUHSJfNEcv9KE.jpg,tulip
dRelzv47nye9R1jn.jpg,dandelion
W69oZ5rwgJOJ0glM.jpg,tulip
BbZ6of2gJeqMsc7U.jpg,tulip
eW2FL1W5qmtbNUoT.jpg,dandelion
tDKZepuzUQMhoFPs.jpg,sunflower
ai9xLPafpyfyhSpO.jpg,dandelion
Bbt7GRsvyqiYpP2f.jpg,dandelion
02MehWGPcHKVQ9Jm.jpg,dandelion
6MaV0hLbxV4Cq5c0.jpg,rose
zR1QUymgNmMsCmsx.jpg,sunflower
mPkq7C8tNMk4sEzv.jpg,daisy
AdHGAxQLeWKfS0QI.jpg,rose
aJ0TuVShE2jDCh8z.jpg,sunflower
zItGsNpqXJZclZqV.jpg,tulip
BNkth5qETPxg1byJ.jpg,rose
TDxr2JnrpeCEB0HM.jpg,tulip
GNN4sPAJfwv6hacC.jpg,dandelion
NfIwYCiAeht0p1nz.jpg,daisy
cR1KcOCeWDCAXBbv.jpg,rose
iqsugUp1ixFKBggc.jpg,rose
cu4MyxSCOInreEV6.jpg,rose
bKqaugb7b3QWx1Q9.jpg,sunflower
Tr0i2DBM0F4AIwpE.jpg,dandelion
fEEQqQKhHWVsXdGj.jpg,sunflower
fVifUIcc9ACnMfcY.jpg,daisy
ydhVk6VsTQvLIr5f.jpg,tulip
XSejOpgoU6VFgrtr.jpg,daisy
nqsguZRRpvtnPCrx.jpg,tulip
uwil4XZJBXbC8P1m.jpg,tulip
VJ4sLxazcC2xVrEK.jpg,rose
5MRrrYth97mgT9Rv.jpg,rose
kxWY2ue5OJy3mE7l.jpg,daisy
P2QLtOAEUCDZIfv4.jpg,sunflower
dVs54FoTR0qtEcPT.jpg,dandelion
GTynK0A7iZSKQy2K.jpg,daisy
7M0GKXBkSpyLC7fN.jpg,dandelion
Yj70i1hjXrl8U8kQ.jpg,tulip
1T52GFaE0qGJYiFq.jpg,sunflower
ETRHMvhcHGzBBoGR.jpg,dandelion
Q6BDc1aD0ptjooZW.jpg,dandelion
TdInSHGGG9vNasj2.jpg,rose
f86qa6s7YUumX17r.jpg,dandelion
khyTG2ZYD3bKcjWQ.jpg,rose
xig42bA0r1Q9N0zj.jpg,rose
qsaxDN62jhgbDxGA.jpg,dandelion
vUlpEvwO2cJJCBFy.jpg,rose
xeLViV9J6BKEwuXy.jpg,sunflower
LbUojDjZUcKUwDpv.jpg,rose
dPh8GuvVBpVMeAxB.jpg,sunflower
IkoWRH6i1W8iEICv.jpg,dandelion
biGYEN3Qcq628NbP.jpg,daisy
PWDPr9aVAwOYeYFo.jpg,dandelion
TTuwHBrni6nM3m0Q.jpg,tulip
xzt5S0XY5VAPtUUq.jpg,dandelion
jUm4XezgNlE0E9xX.jpg,tulip
tBn8pEQAmNoKs163.jpg,rose
53xJKfViKZik36Yr.jpg,daisy
IJx0xLZNYfbg5G4h.jpg,dandelion
oIYZJA6hPsLvKuCF.jpg,daisy
K8LkjqSzbGY2dDQP.jpg,tulip
HftWcwwlENESlgYH.jpg,dandelion
ccKL9q8rNIN9hswU.jpg,daisy
rjYrIHWnIuwpMNxM.jpg,dandelion
ohg84H8p4cGc58nX.jpg,rose
P3wZtucOP0xU2Jst.jpg,dandelion
5BfTsodWGun8BZfW.jpg,dandelion
CCYWY4RAsRP8Q3gm.jpg,tulip
u0L5xar8vZnWdWep.jpg,dandelion
2qb01dlm9Dnr636A.jpg,rose
KGUWqq36hDExG5Ae.jpg,dandelion
wKHCHGvKhPxfN1jK.jpg,sunflower
UcNx9dqlqr6gkVd4.jpg,dandelion
aGh969lrWZCEpq2m.jpg,tulip
YNzWG7Sn7XSJdfno.jpg,daisy
zqzqdBknbERSjMnH.jpg,sunflower
JA86z5SmAoAcUoQG.jpg,sunflower
f5PZRzgKPyl7LBSL.jpg,tulip
mV4f0IbYDdJbofiI.jpg,tulip
840ikixiqr0MSMSR.jpg,sunflower
aDK8L7SWWyvh3jxY.jpg,dandelion
32J74XW6hfnadyci.jpg,dandelion
CjrZDRfTxfZnQ6rn.jpg,dandelion
uRxsRKu8yL1RwbiS.jpg,rose
8USespgdBLhhLJIL.jpg,rose
snArxpFZQssMhpos.jpg,rose
ZCwMjqGcySjBJrGb.jpg,tulip
ATzPRcjBZQElO9VG.jpg,rose
O0UFZYTly3XCQhUF.jpg,tulip
nulHU15x592rKhKo.jpg,daisy
gy4FyInbg4UyDwQ7.jpg,tulip
c2j8Souu9uh3HlRm.jpg,daisy
2LjXgDR6eobhPBnh.jpg,dandelion
pHoF5gg9qJjdnjIE.jpg,daisy
OlrXx6yI5hXDoWFN.jpg,dandelion
uhmFFGa5ffGeVmi9.jpg,dandelion
WEJhJqFP5T2wYou3.jpg,dandelion
tiS9CwfteOf9XbmJ.jpg,daisy
IY08dyt5YkcK9zph.jpg,daisy
LPmm5YIgPPInvPG5.jpg,dandelion
C6HAaMhvPlUD1vQo.jpg,daisy
VnpuTvGVgESGN6p5.jpg,dandelion
nHDALsbfhqrNGqyf.jpg,tulip
xOF8i6HgM2TUsmS5.jpg,rose
3A8BKEpIQL8qHLCF.jpg,dandelion
DtreQibv5Wx40cOL.jpg,sunflower
TbSRur144jTgTzAb.jpg,tulip
9A1KjruuYHuxqQp3.jpg,dandelion
JPiaQB0qllDn85zQ.jpg,rose
Qtwh5lXlDFDh1VlY.jpg,dandelion
GdRh3IcDONID5DZi.jpg,tulip
jSd5pk9AKpU5AqiM.jpg,sunflower
Hjz4fCshCzL0dbFK.jpg,tulip
4tpbbbYHcOUapABB.jpg,rose
WPYlau9UzdslVB2I.jpg,tulip
aNwnyBhZXcQybwuQ.jpg,rose
osBkbECcqteGAiKx.jpg,sunflower
g0OCoY4RgXEF9Wsh.jpg,dandelion
E82B1jLZXKLT642s.jpg,rose
nl9uMIogmhvjLLfh.jpg,dandelion
zYuB6QjaYaEhHStr.jpg,daisy
7vsT2Vd8dA3PoZVM.jpg,daisy
6raPz7eZ2Htepegt.jpg,rose
fTG1TkUqiGYVtji4.jpg,tulip
JuhnNGBoozcRBh6J.jpg,daisy
GybARwYZxr2oa4Rx.jpg,dandelion
ryiub5ZVFQ8elgOX.jpg,tulip
RFR5PfvPHDnPJwb1.jpg,tulip
FXSkmiQ2PtpeC5D7.jpg,daisy
DWgUbREy2648Fiet.jpg,tulip
BxmoF6gdqX66ed3v.jpg,tulip
7sEOKemj7Qh9bC8J.jpg,dandelion
y6keQ1yjZ3FhzkNU.jpg,tulip
qUk4QlzrRPtAKmAt.jpg,sunflower
TYfG2zm5STnlyKYN.jpg,dandelion
jNXZSID3KrXY0bDA.jpg,dandelion
eU8mjd9D9PoN74tg.jpg,dandelion
VEhw5Uo69gyQ8Web.jpg,daisy
jtw3G6uX1ESZrGW0.jpg,sunflower
CA0oO3w4kWuYpTmr.jpg,daisy
eUx2JQ5VyBqsyl4c.jpg,daisy
BqxUx39EhJQhr6lm.jpg,sunflower
I8eZyzNQEiwwDSkm.jpg,daisy
jq2wu9XTLL6DB49P.jpg,tulip
Q0dX952B9YcEEyQt.jpg,dandelion
sDIYTSrvww2DfB43.jpg,rose
MDC5SjiSDZg8pV22.jpg,tulip
EwRlTdL7qptZE4Bt.jpg,sunflower
UvRsOqNxFoBqbCTU.jpg,dandelion
pR90DTxSbuXJB9Rz.jpg,sunflower
MkZcn0O6pqRsUwDA.jpg,dandelion
VpTPdFcRj8j3FevM.jpg,tulip
FAMaQCULi7I0omic.jpg,sunflower
3mox9XGThF5tJpe4.jpg,tulip
1NcY8YjWruwWlRg5.jpg,sunflower
yuaXng3QpOfXUa1j.jpg,daisy
4dPN4De1AKHjFovL.jpg,tulip
BAbMdxrbX4VkBnzd.jpg,dandelion
TN8JbUDFTKhq2SNu.jpg,dandelion
ksEn4svgvHVxEic7.jpg,daisy
IyoS5tSJ0wpHPcM8.jpg,daisy
U4h9MXu6ad7FHyfP.jpg,sunflower
UuhJpmU7wVEugpps.jpg,tulip
oz336mAhMTVvU6oT.jpg,tulip
yo58Rhl9eTpXFGi7.jpg,tulip
89i7goknKyT174FK.jpg,rose
kcvVSTZWWGcsSI4m.jpg,sunflower
CfSqvNOxIv41mY3w.jpg,daisy
MNoTp9Nru4kkbK2b.jpg,rose
oq4Dg1hQJLtosPsw.jpg,daisy
Qh4SaHfTiqji9h9P.jpg,dandelion
quFeBqsYXLeXXL1C.jpg,daisy
RMwoZwSqkMYD1SXr.jpg,sunflower
0to89t8bGkQwSVvb.jpg,dandelion
gdwD6zBcuZS0fLMe.jpg,dandelion
FodD9tv3aOYDocVF.jpg,sunflower
Zhm3yCQkG6wePFwo.jpg,daisy
1YkemdpU77qjAkRx.jpg,tulip
FG0KUzbkKvol7sfM.jpg,rose
XrLfQ6BYAoAJzXtg.jpg,dandelion
jjbDUKQvdfj262uq.jpg,tulip
jDMnQ8vcrh4yQOua.jpg,rose
2JYo0pj0CDMSlJij.jpg,tulip
5KxfGbEqcn2h815k.jpg,rose
orjjalnJnBW8SyXq.jpg,dandelion
yUvn1rGAOnvnysS1.jpg,tulip
twpLKx0OKYWWB9Zr.jpg,sunflower
CL986Ya0goMyLbX2.jpg,dandelion
YPTKfPRNyX3W1QqV.jpg,sunflower
D3ibZ8YjbAMu4krh.jpg,dandelion
VxedEOLHJSZGxZNB.jpg,tulip
LQRY6uDpxY6QqWSw.jpg,daisy
rvwg4XHXTjPN8Tc6.jpg,rose
WpHI2xxw2tyWzWvd.jpg,rose
4LydBs2chUu8buro.jpg,sunflower
DtpzfuDqpTJHU1xA.jpg,dandelion
BvXDvAhp1D2uNIbn.jpg,dandelion
DDbmlkEUIwJVI0DJ.jpg,tulip
p96LCSmXafKGEGJU.jpg,dandelion
dia4vPXXYCO6ZKqZ.jpg,dandelion
1TByXC3fxeHhzqBx.jpg,rose
djOgmtAF171jJ1En.jpg,dandelion
apZL7LSCP4FY6gwp.jpg,daisy
whTZT3pRKJ0FzY09.jpg,tulip
XwbnnshuqNdpb1Sp.jpg,tulip
FKS4tgQmu2Y7ln1q.jpg,daisy
JRh7GmoOEF9yuMJM.jpg,tulip
5dOdzvLWwepwJ19w.jpg,tulip
l3BICMuGYpOir9Cw.jpg,dandelion
YzJc60ZpHmBlQJAh.jpg,rose
Gpam3RQO2KQNyQvA.jpg,dandelion
lqdC5W4JVRUHLKTA.jpg,tulip
R50dXT6vDKg6vUC2.jpg,daisy
nJJpkS5RHHs9G3c4.jpg,tulip
5Y9nyEgFFRSk4wuv.jpg,tulip
TfpqfHfrwfxYzH4v.jpg,daisy
4aYQX7YOQpeHnuzj.jpg,daisy
T2u1d2TUWvBBb5lY.jpg,dandelion
4352cEmtOO8RcMSZ.jpg,rose
zH6SO3np2sboScus.jpg,tulip
zfh3FIpt0uK82gRZ.jpg,sunflower
boUfie8SIEQ39Qsb.jpg,dandelion
aaBv9wAlkrz8YY0y.jpg,daisy
s6VffUazJWG8DwWh.jpg,sunflower
2JqPFGHdgYjINtm7.jpg,daisy
Tg0eWEXSPr8wpJiw.jpg,tulip
zl7MCwkl9LB8BNXu.jpg,rose
s3SVmzrq1SbofCjH.jpg,daisy
4pYz3Z1TFcv0tQFW.jpg,dandelion
MT6eCNCv1iccTizF.jpg,rose
U5YwUfGqdr1UlSEw.jpg,tulip
ItLPISWAMFufjEJX.jpg,sunflower
4vDN6iiYuOKNN1Jc.jpg,tulip
US4zsUIzX1RH0Hje.jpg,rose
5VRQ55bsihsXi4Ck.jpg,rose
rqanrDgL5pYj0mJQ.jpg,daisy
XEW2YpLTyXqwOAMW.jpg,tulip
Ul0SE9QpczkAhize.jpg,tulip
yfuXKul19m6EYQk7.jpg,daisy
kB82h0LAewKecfox.jpg,daisy
cZyKL09e932TmYx9.jpg,rose
3L5Ee7nlJsQtocFl.jpg,dandelion
qpfRsLUBhmryF8OG.jpg,rose
6M0cbvug0BiAGYTD.jpg,dandelion
hob9MxrgrDrCuvdA.jpg,daisy
vreT9zta1GuT1AwF.jpg,dandelion
PnOnd2qi6TEIttUf.jpg,tulip
bKIIengdYWJo1LlY.jpg,tulip
hWLv8WLCuz0RvjIr.jpg,tulip
21XwBlBEeppCFguV.jpg,sunflower
YqeYPmwhYuWLG5PJ.jpg,daisy
cogFAvbeyOimTIvx.jpg,rose
keaUM6Y3frBht0gx.jpg,tulip
QyxQA8hHn6qnh5xY.jpg,rose
craps8PzP3EiNzZK.jpg,tulip
0qimM0gexLxnDELD.jpg,dandelion
S6MNc5vOTit4IiDd.jpg,tulip
Ux2TvTuc4UL7Wf0D.jpg,dandelion
8URrgbQC1gnUoomm.jpg,sunflower
oeJ2vpGEjhDAaDXl.jpg,tulip
YloiWNQvfexdVtta.jpg,sunflower
NawK4ZUdeKk5MEVo.jpg,daisy
iGznJZJfb7KPLZN9.jpg,sunflower
E6DWfLiycyCUzBpr.jpg,dandelion
aDZyWqvzMOJUJi3R.jpg,daisy
w0JaV1fXKRE6g4PA.jpg,sunflower
1GaPA3B8IIdhrsPo.jpg,daisy
CSAMZKFMxaRGQGRy.jpg,dandelion
H1NRPOrinEm7HLOl.jpg,dandelion
dxs1wL2dsWvqFbcs.jpg,daisy
5t5yiOPchbD1EWnS.jpg,tulip
L3qE0RQX11zqZoUS.jpg,tulip
7Jw75iUbdx6qhiRQ.jpg,dandelion
3hv1NmrNrvkSaLoS.jpg,sunflower
L3qpQhuU0cXJC2tP.jpg,daisy
9UW1OgpdqyrxKs3U.jpg,daisy
KNDogdTfvJK2OTCz.jpg,tulip
Bf2AHz5asBpwvO60.jpg,tulip
1cOlllnW0H5ZHk6I.jpg,dandelion
0uybDCNBypujXaXB.jpg,tulip
73O7SfWKiYjgGqkO.jpg,daisy
ybuoDs5b8Vz5uHF2.jpg,sunflower
4m6fH1QVcrbcUYgu.jpg,tulip
66b6iGsQBkOtiiTo.jpg,rose
J3XYFZYV6016HHDv.jpg,sunflower
jCtRozJU1vEJvjQN.jpg,daisy
WUcZFlbJWUOycEVD.jpg,dandelion
LNfrgGBXQongW5vf.jpg,dandelion
fGJ2BTkMO0oDQkPs.jpg,sunflower
vwqByHHRpw3843nc.jpg,sunflower
r8GYZ7NXBTPUX76i.jpg,daisy
WqO3codYZYaBg4D3.jpg,dandelion
yoEZMsUfeWpJEkzu.jpg,sunflower
XT2XmrWoPhDz2wrw.jpg,sunflower
SsiXr4gD4vvlWOmO.jpg,tulip
lyb1ZjSpWxUHtcCH.jpg,rose
x307vYJB4JtAQmtv.jpg,daisy
fQv7CSco0ChmicRh.jpg,sunflower
CxkD1Ztrl3RcUWgn.jpg,sunflower
x7FYBDCQ1DQvtIUa.jpg,daisy
iaZgdEZXw23A9vMn.jpg,daisy
6AOQ2o9YBrTtlFrB.jpg,tulip
nAvNii7TLn2jyUOG.jpg,daisy
hIIBmtOD370bX3xo.jpg,rose
TOoXoOwbg1txMa9H.jpg,sunflower
8zMuNnIbnKo73ITC.jpg,dandelion
bw6GjFKavC0L6Q9D.jpg,tulip
dhKLuPHS7UW9jLaB.jpg,tulip
cnBczYlUSU6XdUV0.jpg,dandelion
ezgPjYAgvby9hlZe.jpg,dandelion
2InQgpuOS05zXhgU.jpg,dandelion
XUtly9AwK51k9Qlp.jpg,rose
03CVFd0Jc3eMzNWJ.jpg,tulip
rOMt2lFB9FvqSjgq.jpg,daisy
mdKDjVC1HDy8oNim.jpg,rose
wVIjgpOpeZbu4Yt0.jpg,sunflower
9iwIub8Gy5c9xN4M.jpg,rose
QBvX0ESGbY8CVVN3.jpg,daisy
LG7kri1UsGH0Z8pf.jpg,tulip
17fDncq5aIj1rTLx.jpg,tulip
hByjbyQ5W3UH0IxY.jpg,sunflower
AlBr2jI9t4RwBEup.jpg,tulip
Y5BJB6NsYqKPJfI3.jpg,rose
Ajjv2JMULPwzgSR8.jpg,daisy
TtfIa3eGKKHdLO8z.jpg,tulip
Y5Am0S5tZdOGcR5V.jpg,dandelion
SrMsKUC9xMUVuVxY.jpg,daisy
MW27f5ZVf862Falj.jpg,sunflower
SYPmSvlQOJQ3VWbp.jpg,sunflower
LoLKCnjiKfuXKye9.jpg,tulip
43MjREy4jbbWSqMS.jpg,daisy
3SjuBWEalTyKOAnn.jpg,sunflower
XrJfYgsifTLSDvdb.jpg,tulip
FnItJYpgbfPXQCsy.jpg,tulip
jh6UkwbdZmse2n3q.jpg,rose
FwFbILCNzzVNSuHp.jpg,dandelion
OD9zwtusQXeVRevb.jpg,sunflower
iz6IXQMnNAPhUPRG.jpg,dandelion
Fcq0qOlgMJ0HROQF.jpg,dandelion
DnZuuplVzWh16BOk.jpg,sunflower
CThWCiGVSD0yVyVP.jpg,tulip
sbLHvPAkIeGwXZSu.jpg,tulip
hSG5HLwh5DHgqSkW.jpg,rose
iFYWCB9rDGUVPKv2.jpg,dandelion
dFvumAw8TogaQnnn.jpg,sunflower
CDQI9Tv22CwCtvFu.jpg,dandelion
rHdq673IHu8lCxYc.jpg,tulip
7eoCTSzqG7qo6NVu.jpg,sunflower
U9NAnNKwtaQTAegX.jpg,sunflower
0WAtSQdvLek1cZL2.jpg,tulip
GTlyR2nkypqtagTj.jpg,sunflower
BZAQi4df2fp2jooz.jpg,sunflower
0wd1jptctmkkcKEt.jpg,dandelion
REIq5ywOzGQbtNd3.jpg,daisy
UA04miy6Yqs9SEL6.jpg,tulip
UAfnGHGaufYqlrcm.jpg,sunflower
JcLYidojIt4LjL6C.jpg,tulip
xY0p0Xb0id9frlZB.jpg,sunflower
l2jIJscTVbdGxuVM.jpg,dandelion
B62gN2NuQr8C9KjP.jpg,daisy
wJgJPgKcEbxacrl5.jpg,dandelion
XS3wjvxydFMXE0OK.jpg,rose
z07UnyMHeNYorYqi.jpg,rose
Zbmk4Usp4ssakoNj.jpg,tulip
247NwMhenhWAOCkD.jpg,daisy
s25QdCjPnmXWjqeV.jpg,daisy
jWOvUKlClqddwqmv.jpg,rose
cLGsvplO0NOVr0RX.jpg,dandelion
qHaDmXy4lVCWG4GU.jpg,sunflower
k77kPFzZpf50tmLp.jpg,rose
xfUVHmlBwtiCiqfb.jpg,dandelion
M2itm4Gz8bvJ8gux.jpg,tulip
cQj1nIKSaCG0QS1n.jpg,rose
6IkNx2Q7n4eCXPSJ.jpg,tulip
Y93JZAeYoU1YsuIq.jpg,daisy
oRGNDJphgE3to5Cp.jpg,dandelion
tRI32bg1xDYZrNmO.jpg,rose
VbtJNRlO2cSQoh6R.jpg,tulip
nzNUNKhU0XMi57fg.jpg,sunflower
9O2GI80rUS9quIu8.jpg,rose
6H0dLa0GjwwB5Uxz.jpg,rose
gxi9h7tuW1n02BaY.jpg,rose
U62EJHn2gvMkW4o6.jpg,rose
XhRO77b1Dy7hdV6V.jpg,tulip
7X3aWQHC1XemIQeP.jpg,tulip
to4ughYPqo2BUa9m.jpg,sunflower
PcB24Rnl0Lqv2Blz.jpg,rose
Ujl0MlyN333J4nqe.jpg,daisy
88uTqjxwxKKtWh5T.jpg,dandelion
VaB5IKKy3nPFpMGq.jpg,dandelion
oi6uegtFegivda9x.jpg,tulip
Ikl81EYpJ6yh3GQJ.jpg,tulip
LLIvj7IebtvcN8yv.jpg,daisy
AD3HRMgDInteETH4.jpg,tulip
eQnput3TRkyjUH4O.jpg,tulip
xv2Jfy8QRDEmQshP.jpg,daisy
hlTeINEbf2cL2BeA.jpg,daisy
zQtj5huWDH11l4OX.jpg,tulip
qygEvtC5VHE768J6.jpg,dandelion
Cj5v3h1gqMkeJnnD.jpg,dandelion
9s9bqflI01Np0SuO.jpg,daisy
QsLjylW5opcqgYSV.jpg,dandelion
XnKIE6kgoNAyaZwG.jpg,dandelion
F82hx0o4PaXLZ6ev.jpg,sunflower
RhCZT8QBRNmbI3j1.jpg,dandelion
xJ9eBcVOJD7A2iUf.jpg,daisy
snsrFKnqwMOFYL10.jpg,tulip
h10P8g509kIR017g.jpg,rose
y4awWmOWiMlC5rH0.jpg,daisy
lUQ65aB5DTFXhWBt.jpg,rose
TIFW9aLIkek6UOuX.jpg,daisy
guhVH3jSRSMpG0Tw.jpg,daisy
hffHmBEhJH8EkaY5.jpg,dandelion
xjMbhv2AHtfBlt7e.jpg,sunflower
FVkApjYlC6oimIgM.jpg,rose
O2b6V21KPxwEvnPC.jpg,daisy
Z67018sFdGWpTdAZ.jpg,daisy
x1RwM5EbBGt0FXeq.jpg,rose
agipnt2FTQwMcR33.jpg,sunflower
Y4gKMPrPoulN8K1l.jpg,rose
L2LNPKvjal3vdYdn.jpg,dandelion
yXYxo9z4NetwukGz.jpg,rose
eGtLfaE15ytIV6G2.jpg,rose
GmJvgSv1xwAaHjZs.jpg,daisy
lQhdFIpsVWyWxTxs.jpg,rose
BEpCrMUMw8hi7IAp.jpg,daisy
p8tDdfumfO1XXJyS.jpg,tulip
3e7jQ8gh4jfRUNgV.jpg,daisy
YH43LOKu7Mix8g9e.jpg,rose
TqT40hO6xDEbsa7b.jpg,daisy
qwK8JYnkklv1gJAv.jpg,dandelion
8XOG8AlToXYuT2mF.jpg,sunflower
Yo7mtHMdsJtfAaQL.jpg,tulip
V9S9cBIuDoLYwCDi.jpg,dandelion
wMYS32O50A4ULWL3.jpg,dandelion
muUZDdQxpQdQdOKI.jpg,rose
00ksQHhUPungSCTt.jpg,rose
ELvQFJNGBbmKs89i.jpg,tulip
U5G3JYwFDNlEJkFB.jpg,sunflower
XI7X7fUWCFVmsLGa.jpg,rose
PBUKqgiLwNywsUjN.jpg,rose
DD1jijCt2jRRzd7a.jpg,daisy
2jhY4HzBtdC3F0XY.jpg,dandelion
pIuJamDFt3x5gdkQ.jpg,rose
7IkChPOg1zEppV4K.jpg,dandelion
m2G7Zr5zn8vk46RU.jpg,rose
Z6yxQfDFHvPPM49z.jpg,rose
yBSWYBhkTfiXdmhY.jpg,dandelion
7zrxdLR99uOCVM95.jpg,daisy
5qG1Jc3NbKcDoVTm.jpg,tulip
iSxArUZGjiSTkxTO.jpg,rose
p0BfQtwyaWxYfkGi.jpg,dandelion
hBRVHvDsrd589hwo.jpg,rose
xsyie6hnIZsWhMRh.jpg,tulip
DtzD4OCWT8viOZiW.jpg,dandelion
sFHgcPLZCzpl0Cci.jpg,rose
Cr29Vni2BZA23zB0.jpg,tulip
yCS1YqcPU9GAKxNY.jpg,daisy
r6AriqlwL2cE1C3J.jpg,dandelion
EnbIhOO1X5xnbPuo.jpg,sunflower
Y2DGGf6ZDCw2yCsO.jpg,daisy
T9Jzz1UhJD8I51Ft.jpg,daisy
vSNabzqCbcpxtOc1.jpg,sunflower
3KmveE3BWdyE3ubC.jpg,daisy
T5oQdsMBMh8ZUd6a.jpg,rose
mZjBtd9lpm2MS6RU.jpg,daisy
yX4MVYqgPFutMdzg.jpg,dandelion
g2G4q0IM54FWt2za.jpg,rose
lw5yBZYAnxsbyrCm.jpg,sunflower
Acaoorz5BpRIIoLX.jpg,tulip
cKroQPj3lQbpShRA.jpg,sunflower
iurZ6dDwwKpwIBsC.jpg,tulip
ZQHjIgRpeNhIoocN.jpg,dandelion
tHvmcb3sXCbgaX2R.jpg,dandelion
BjLIA1gxgEUBPIdb.jpg,sunflower
yCqpi3Jk7oFrJ90n.jpg,tulip
dllxYLApezVYHtZ6.jpg,tulip
8h1Ins3tbAnwE1s7.jpg,dandelion
FC892b7UUGJrIggN.jpg,daisy
PgROh3EVPwu2OKLi.jpg,tulip
ykgqmxImNNTnfdNC.jpg,dandelion
LDCEkz1i5OfKKsN1.jpg,sunflower
ZOcyeNWCL4Tec2ju.jpg,sunflower
p1DG7bRXzu1rJVfp.jpg,dandelion
VEI9QSIziaixKBro.jpg,sunflower
D1kn6gQcFzIIZa5j.jpg,tulip
NZ6U39rg9KQ3DQco.jpg,sunflower
EzCV128sa52Y8ii6.jpg,tulip
M9eNO052kq95MhLB.jpg,daisy
Rq8B9Br1jqtelZWu.jpg,tulip
BPswzedozpAspuHn.jpg,dandelion
shwtLxOVRQknjhPr.jpg,sunflower
Yr82whOXtTbVNd6n.jpg,daisy
coSlrLG1p6Ru0P7D.jpg,dandelion
5dUbsjs6tSMAC4Dp.jpg,tulip
y5dne2yl7KUi2ytk.jpg,dandelion
sJ5yZNdXRFKiFS4Y.jpg,rose
0xEK5MbKElOGOgEG.jpg,sunflower
UxweDiS6QVQKFmYa.jpg,rose
AXcNSP86uUFyQWds.jpg,tulip
REnzBaEUOHMOuFx7.jpg,sunflower
I61LYgvmgL5ZPgHa.jpg,tulip
6jMtOBKE3vivXRJS.jpg,rose
vmHEYt5iZIQC7jQ5.jpg,dandelion
2Vb8nuxZ9EBn7MvG.jpg,daisy
gYgvwuRICR3ZMOV5.jpg,rose
bAkKPAJFiFprcure.jpg,daisy
VBa8Lw6rImVOSi1s.jpg,tulip
nwe36vbemRV0ZM7V.jpg,tulip
fA9OGxmcrvUY0T7J.jpg,sunflower
NwQQTn8oYueayjar.jpg,tulip
fxhL8N56Zo7HITmN.jpg,sunflower
Prh2KtCzJR1yZUc1.jpg,daisy
Vgq89bW1Kfy065uF.jpg,dandelion
3tkIoY2jcDnazBik.jpg,tulip
K0UZovQXIFQwhw8A.jpg,rose
7FW148azl6kNgKZi.jpg,daisy
BW80VrRppq0G3sPf.jpg,dandelion
mTCX8ervMZWeVJkU.jpg,rose
u7cqwa063KMoUuHA.jpg,daisy
wItdkV3RK0Yw08ub.jpg,dandelion
NNCwNTspILL6kdg5.jpg,tulip
xhEhNldcW50LLqFp.jpg,rose
Ee3dxCnrQ5z5z4Qt.jpg,daisy
3RNKsyTaltZ1Vdz7.jpg,tulip
FLWHpPFaOS7728Rr.jpg,dandelion
tEd1iIfst97QTf4D.jpg,rose
fNf777nD42XcbQWK.jpg,dandelion
63VxkyzhSUyTvdAR.jpg,rose
2ujNveMLvZaXOPgz.jpg,sunflower
HSMbrQk9h72k5625.jpg,dandelion
STE7JiGFA9qu9glM.jpg,rose
T5gWa32RPyFSj7qe.jpg,daisy
ZvWdhDyjuRI1CHea.jpg,sunflower
qTUbNOuEvAcJFWQt.jpg,sunflower
cWPFxaonON2Vutlp.jpg,tulip
vnsjvHgGKjWR8pcF.jpg,rose
y5WqCdl500ZXj20U.jpg,sunflower
hJc4UWDXoYKWku6f.jpg,daisy
2BHvjZRzjiCccMzP.jpg,dandelion
NEgtfwZBrHedmDsy.jpg,dandelion
TIJfc8Hs9JYFcCOY.jpg,tulip
fOzR0N1FgJDwZf51.jpg,tulip
ZwWIgrFzrWfMP2Ci.jpg,dandelion
9X4bKrUQHtfwu8ft.jpg,tulip
l4DXxRlfgdapMO0R.jpg,dandelion
izsOmqbWtpAauweT.jpg,dandelion
UgyORDorNSbHGX8l.jpg,tulip
svNsirsYrrFtP0xc.jpg,dandelion
32eZlQpFtsWIHayW.jpg,dandelion
KrLyBIaiL8IaIWHo.jpg,tulip
SK8RYWInJaYJv2ZR.jpg,sunflower
d7dbg6CGY8CpOMyG.jpg,rose
CwhUrpKCOEDIJasU.jpg,tulip
HuvRffm1K1BSRnKL.jpg,tulip
jfqLt1H0lN84OiPi.jpg,dandelion
LqGekRKVXPjjuGb0.jpg,sunflower
tIYmXnm23gKipbJc.jpg,tulip
70P7jr9wPf8FWbds.jpg,daisy
kAutzt1XiikW8NTb.jpg,dandelion
ylUG96tBPWvMZnon.jpg,daisy
VXhb4OhGlweV1AaH.jpg,daisy
ndvqdMFJdxONwkFk.jpg,daisy
1D6rEqzyTaGwhzPd.jpg,tulip
uQi7NiKRC4CpslBu.jpg,sunflower
cccP2rtkfiSfeZyc.jpg,dandelion
9Q8ZKq5LvuQZIaay.jpg,dandelion
yH86ao8RpP2zRta8.jpg,dandelion
30GQzGZ8T1MIn4Pq.jpg,dandelion
GCyPYzMpQgeI1BNd.jpg,dandelion
7ipmdUTcC1YpeCIW.jpg,sunflower
ILN09h9C6I3ETQ3W.jpg,rose
8CDck6x3T0dcJgKc.jpg,dandelion
Lp0fboa7EaU9Nwrl.jpg,dandelion
JxubQTHdePv78T75.jpg,daisy
fJLRe2kiVju8oiaa.jpg,dandelion
o8kEfINNyZovvDkS.jpg,tulip
ok0JQhlpGonRH3MP.jpg,rose
P0UvC3ztjsY7U2UH.jpg,rose
c8Tluga2Fs5DEQyA.jpg,sunflower
3WiMk8EXtk8gCatV.jpg,tulip
kfYTopUmetx1Wy1u.jpg,dandelion
elsIRXNRdvDBvSRn.jpg,dandelion
cJE7i6PMKrTliUAT.jpg,dandelion
F3zYsxH4iuhpbqUT.jpg,rose
3EgWqYlIPQw5xd4f.jpg,dandelion
pGm8AUq9GJjOwgvC.jpg,rose
dw3hkBFO0vKRHntK.jpg,rose
xBMCvGHlHmIfY5nC.jpg,sunflower
TjQF1yLzJ9jBXSYj.jpg,rose
NgUtjRJiP6IFNhyg.jpg,daisy
nxHpZotcAkMURQrD.jpg,sunflower
uQ6TGTwoo0eup8BD.jpg,daisy
URFSRXKW5W28DXkK.jpg,dandelion
Fd99cVqCogm8YiZY.jpg,tulip
smdkWFbtu18fdOH8.jpg,tulip
ZnAv6OM7KyFWQHzw.jpg,tulip
aWMPOrYncmC7SGBF.jpg,sunflower
bEoKZxuT3BWrtE2q.jpg,tulip
2jujASCzvFQ4AAgK.jpg,daisy
pMEB39m1IZJ6Qlyc.jpg,sunflower
A16y5TaF4ogaRmFH.jpg,rose
KogWJveF2n1I9coi.jpg,daisy
XvYKMUnTEQNUEplg.jpg,daisy
lAkFuMJL4i0Eu2FL.jpg,dandelion
4CD0ko3Fb3x07fVa.jpg,sunflower
PeeIy5p8GJKLcozI.jpg,rose
viostGKBtccYvlXB.jpg,sunflower
145dkBqxTvY35aVm.jpg,sunflower
tqze27nb37VtwXPM.jpg,sunflower
m91gpx0ceE0VGnja.jpg,rose
DHBNFsKTGStEkm9o.jpg,tulip
r65FgkRjjJyXky21.jpg,daisy
Ol7NVBTOGGDgoxNc.jpg,daisy
vYSz7nZTwIkQzXlt.jpg,tulip
BgkAiDfFZCSvohQg.jpg,daisy
EM01qdkl22rxcm2u.jpg,daisy
olVP6BWyuFjvgRXf.jpg,dandelion
op9jSHoSxnoh9497.jpg,tulip
WriCd3DhgUzhGQ8U.jpg,tulip
qAqyvxRta1YWYLWy.jpg,dandelion
LI2HlVPp07WbAqVb.jpg,sunflower
2GwlP4Q78H7APx67.jpg,dandelion
CUmtt3xzD0mwcin6.jpg,dandelion
Fe9ZKBiakV441I7V.jpg,daisy
bGSrbBfS280KlMVq.jpg,dandelion
FgLf6llATUsOCL3S.jpg,dandelion
lis4AQZ6R3c8cfER.jpg,rose
Cy07gHyRUuZUhFgu.jpg,dandelion
sgNFzXYSqvxKVxFZ.jpg,dandelion
6CzP9JA4vH6luPs7.jpg,daisy
qNUUNDBTgUwFYdKF.jpg,tulip
zWjop7N03ALRhRzu.jpg,tulip
fV4sYcdQ0f31fnxi.jpg,rose
KFwqpncMyMFXKWL6.jpg,daisy
Y4hXqvszKSvRe4kK.jpg,tulip
2pS0940x1nPd7uvb.jpg,sunflower
a6qem9iEJAaih8v2.jpg,daisy
oJgUDf9dkSU6p72g.jpg,dandelion
CAcawVWRWws8uOjb.jpg,sunflower
4dr3cEOna74xsfqu.jpg,dandelion
xXt1RLt2cPNIDzHw.jpg,dandelion
q0zU8onnb1lywkRU.jpg,daisy
GngtAC8k1ieOxl8r.jpg,rose
2DoKxqFQSqjFM4H7.jpg,tulip
Utsw8mhsrMRTSBA2.jpg,tulip
C90f9HJ6tooKMCnD.jpg,rose
NA4rc98XZBNy7Opx.jpg,daisy
S9jWMUtc4GDMvSpE.jpg,dandelion
dfhwdUfzvica5b3y.jpg,sunflower
217rrF5GiKH1ghQf.jpg,dandelion
txOwl1d1VpDSjoOl.jpg,sunflower
ScCVKMVUjdggbCNK.jpg,daisy
1s6CDMu9igLnws0Y.jpg,dandelion
WqBtTLdKtDuXtd5K.jpg,rose
BZENKHRr7su1qQpZ.jpg,sunflower
JBdEFttyNY1FcQ0g.jpg,sunflower
B6ZmLI435FF0p49Q.jpg,sunflower
Lj8N5sVbhhNvGhdY.jpg,tulip
CeWboFz3K1rsqmEg.jpg,rose
OwaNpQXgoUa8PCyr.jpg,daisy
qjwJ2ChjcOofvBv3.jpg,dandelion
13Br0sedBQ7fYhl8.jpg,sunflower
xDdIo6y0C8EiVIkb.jpg,daisy
bJSDCPaKFAeohTfr.jpg,tulip
GajLfhtGYLIAb0RW.jpg,tulip
10B60S95sfrSvbiy.jpg,sunflower
rBnV0Q1beltROQPK.jpg,dandelion
fDsUX9gOmfepK52g.jpg,rose
fCYeUyQBXyDiVBy6.jpg,dandelion
QmTnZ6MPYEYer7c3.jpg,dandelion
QEMad2AievhV7DFa.jpg,rose
pnnlsNd62aiHWmvO.jpg,dandelion
1VFOgdIYutofdnRI.jpg,tulip
2TSFLVluYleyq80l.jpg,sunflower
gc9pMcsKmueAz4K8.jpg,rose
Wo4dNED31sGuiUJG.jpg,dandelion
G3RTujQswbLTnwKt.jpg,rose
I4ftk3vYLjGmaT5B.jpg,sunflower
7l5Bqz93HNGpY7W2.jpg,rose
dq1dT5EceGTtrZ7A.jpg,dandelion
4U8B2hCynaiBrJvY.jpg,dandelion
85cgcZAcr0x3onBr.jpg,tulip
nIp8oug1aQKWLeuF.jpg,sunflower
xLmcpqKm5KT0toM0.jpg,daisy
sppANlzWH4xED2oN.jpg,rose
xOuXevmz1mOtCQXb.jpg,rose
y0VP8wcZSMCvGW9R.jpg,daisy
XgyAOlmwWHMeCRop.jpg,dandelion
YjDJA1Ale15e9WXm.jpg,rose
aq7w9CmPmsvmbIeP.jpg,rose
29d2TYF50U5n4WFW.jpg,sunflower
Bce43ZNWyCMJvvMn.jpg,tulip
UUH5aqBVQ27wU2YW.jpg,tulip
eMQ5m4uQLcwLNQEO.jpg,daisy
SXUZ17o7V7OxppDB.jpg,sunflower
RAwjT18rHMLAzH8i.jpg,dandelion
KVeNI7nSU2fithlA.jpg,sunflower
f7Ljpy8aFhVpttk5.jpg,sunflower
IhrVtFmRbYBQ2ywP.jpg,dandelion
AfJD8cZQggQ42Scy.jpg,sunflower
cvoRL1Ep28mSHBmY.jpg,sunflower
1TS7ycFddJVh2OUs.jpg,sunflower
Nalgymvyj0Yo0D6r.jpg,dandelion
fDGVd6uKzDimySpW.jpg,daisy
P10dlXdM2SraSqTl.jpg,sunflower
UR71IZHtsvoZfjaa.jpg,rose
ECZUTnTyy0UZ6SnP.jpg,sunflower
wZn0h1gc8ayinuKL.jpg,sunflower
Rexk7ZO1ePIxfztd.jpg,daisy
0CGUShURR5dlO032.jpg,tulip
tq8b5Jfl9Mv9mPHo.jpg,dandelion
gM2PHYaIHpShOUB6.jpg,tulip
7RGqKoRl614rytHs.jpg,tulip
SeKusVGGJbveAsDn.jpg,dandelion
OgWHnLScXh18pBK1.jpg,rose
BdayMKQXOF6EEzTg.jpg,rose
HQ9HMN1CfRyNYtkl.jpg,rose
rWpbLqIlLf5PJRu6.jpg,sunflower
3OkQeY9Y4fGD6WJo.jpg,dandelion
NuRooVqU1DsX6C1o.jpg,tulip
mKgICOZcl26vCKWC.jpg,tulip
R6mvD5aVqggw0Rs1.jpg,dandelion
e9AV0NwqGBJKkcT0.jpg,dandelion
P785EQ4rlcdkxe1j.jpg,dandelion
9Jef0Qy7LRMMl5Vr.jpg,tulip
p7ARGLxL53kOBiHa.jpg,rose
OGh7UKO5GQ7uNo6b.jpg,tulip
VA3letpSSKCw5VQT.jpg,rose
TcKIz1SLLY88DuBp.jpg,rose
3dhnqLJMTyzCR4E2.jpg,dandelion
XI2b7apUojD4aLXg.jpg,dandelion
k33oPfmpxu0MbZDo.jpg,dandelion
FtHmEFt7bwEwOavu.jpg,rose
uyGW0p5O5pN2n86o.jpg,tulip
SIEEvPE3jSAczvLR.jpg,daisy
4Q2z06gB01BPnF9j.jpg,sunflower
jAknPLBxA57Cn3B6.jpg,dandelion
PghQv3nIIlAM4tBe.jpg,tulip
lOaYHimzTthbyPSV.jpg,tulip
Li0Dh3boeKKpSLWD.jpg,dandelion
JU1Pjfsc5XuCjlrL.jpg,sunflower
wJ6jP6T74xdO5Nfo.jpg,dandelion
tgsknfVNAlvr98CG.jpg,tulip
JrAFoNc4VYHvy3m5.jpg,dandelion
FZ6CjrPD90k4NpCS.jpg,rose
1L0AwUVU6imgiPCL.jpg,rose
tt8xF3Abu8bGDjpE.jpg,sunflower
8BpHeMxIxUcgqC56.jpg,daisy
H6U7iHjhzB241ijl.jpg,sunflower
VmKfO2dkVG49BYKF.jpg,tulip
CD4kx5sGmGW17pxN.jpg,daisy
0qgt91R3BNyGbYi6.jpg,daisy
T1FMriX9BRNdgrLh.jpg,daisy
HPqIAJTfk4F5myHT.jpg,dandelion
ohzaa8r3MfunwrWK.jpg,rose
S0sQYvEvurKQjUjY.jpg,sunflower
nyGj4zfcUTmguxUK.jpg,tulip
JIVGjz7T4K3o6YJB.jpg,daisy
D3nWypYIzLWGK3tb.jpg,daisy
AGzimbZJBFBqr2ej.jpg,sunflower
flocgEBIDj3JajFo.jpg,tulip
3kaRGrpPjZ7mjm8R.jpg,rose
Sh5MhwC60EbNjUUG.jpg,dandelion
DQm68ufVaZm8V5Tt.jpg,sunflower
MH8prxAobAA7itEx.jpg,daisy
tyw4HgmGrbiqbEFf.jpg,rose
KmZjCVMqGZC2Hzv4.jpg,tulip
N8g2QKK3vRPXY0Yp.jpg,dandelion
Txpd3kZucKgYYOge.jpg,tulip
JGRqfHGJLVIV6E30.jpg,dandelion
8NDI2hXFSb1XKrOg.jpg,tulip
yBsu7VUd3VTFoAqm.jpg,sunflower
ei73Bj47mun27KeP.jpg,tulip
7wKg7txvhgVwLjUJ.jpg,sunflower
6ZSOPQbGI1sFGBvm.jpg,dandelion
0sx9ziUMpgSGc5Sw.jpg,rose
k9wDbojxgpv6ef98.jpg,daisy
MQJBR0dUU7e1w2u8.jpg,tulip
cXbxmJkUJDnlRJGW.jpg,sunflower
rfMS57q0xooMDcTM.jpg,tulip
R1w76nP2InaaC9qk.jpg,rose
3CamQwFe9w40u3JN.jpg,sunflower
Jke7CoyydkGKSeL1.jpg,daisy
12LaHrJMUusUOAUN.jpg,dandelion
AQgsyZMQ6e5JqgGU.jpg,daisy
kGxZwGBUiFAG6L1t.jpg,tulip
zephoeO9zgh8B8Zg.jpg,sunflower
bMUbKFwtdT8rncWL.jpg,tulip
YJSMXaBlRtCoVVKG.jpg,sunflower
6E3WuEVotwv4lsOP.jpg,dandelion
E9wFiduGCJOce7jc.jpg,tulip
kHs3ak2qcWu8R7w8.jpg,sunflower
wRZbEN7WOTiUt0pv.jpg,sunflower
wtNX6vCWu98vXXdc.jpg,rose
lErhtbBJR10OMlRS.jpg,sunflower
WJGDMewULAUBh4LO.jpg,tulip
Wcm2YfgrxNUYlE2D.jpg,rose
uwA1hPz1ucJSLvnR.jpg,sunflower
L0Zjb1CIJQV6u62F.jpg,tulip
GYdMQ4RX7s8vagcG.jpg,sunflower
XK9Ne00KNQKS5ACl.jpg,rose
mTWO5JzO88SStedv.jpg,dandelion
Zwlt6WWMSbABKIF9.jpg,daisy
2T94uTiylszBd8eX.jpg,tulip
OvRmaOs8lqMlLJlz.jpg,dandelion
5hvxBbkuKP8TgEAV.jpg,sunflower
vZo882gSo1jB0fov.jpg,dandelion
w9FiB3kx9qXx8fEQ.jpg,daisy
tyFCx33iTZHWmr4B.jpg,tulip
FygBoz7zKUjSIG5j.jpg,tulip
BroMOUltrEeqZuzU.jpg,dandelion
aDx0VSJ3QXOdkZLX.jpg,tulip
o8G2gptxqvTYC8Oq.jpg,rose
pt3oJlQD6UaewxpF.jpg,dandelion
CNjYdGpj5wIAuL3o.jpg,daisy
YTeyRRhi0P9nF2ZI.jpg,daisy
GsJ00UYPHzQvUfDw.jpg,dandelion
IBDBkxVQANrGWaY0.jpg,tulip
ZigA0ZOhLpojI7it.jpg,rose
lMl7JXPvRQJjJFGX.jpg,tulip
hIA2YQUzdstGqyW1.jpg,daisy
9h8oFo0mPcFz4hEP.jpg,dandelion
0h2YZf0dEX6ggua6.jpg,dandelion
4lle1yacsCG8gYxx.jpg,tulip
DiBKJj1SMKwB16oV.jpg,tulip
cKDzud7aU40BXfLS.jpg,daisy
5eaLSPy5gK65F4kw.jpg,rose
lypdl0xRhiZ4Si2W.jpg,rose
v8XY8YsKPdQLGQiN.jpg,tulip
fkOzND38ZtL6sDsX.jpg,dandelion
wgPul9G5c9LKKinM.jpg,tulip
VkpXP1uXdn3Yjin1.jpg,daisy
HOxpD6vrZBaytYyB.jpg,sunflower
ugVY1qA8l1n8F0h7.jpg,dandelion
EFYckMCKie81EvSs.jpg,rose
9X4U9zZGfEhxXSRw.jpg,dandelion
UQ4eGk6hOkUtUTxT.jpg,tulip
fqdtGubSwtsPIsX1.jpg,dandelion
cgUExBq22iRkYIEj.jpg,daisy
fsboHkZxR3Rrno5g.jpg,sunflower
prUWriuMzSkpmA6a.jpg,rose
1K3JBmhEMVEss2Ma.jpg,sunflower
Fpz0aQ65mJLRo7Sv.jpg,daisy
23JDv6vteJG0eSdW.jpg,daisy
x8QqGvTnZcY5tk9e.jpg,rose
tFZcL9ubTpxeta7h.jpg,rose
kCeytYIMRlKjZPip.jpg,daisy
srBE3TxMwQA7MSHl.jpg,tulip
yk5JcHIKdIvJ7GqY.jpg,sunflower
NFMphFtdH56uOqH8.jpg,sunflower
9L6olR3a99CqmLAQ.jpg,dandelion
99KOdLIpHdrhY1Hs.jpg,sunflower
qR1KMQ5j4BJc4Zaj.jpg,sunflower
k4jNuS85HN7GswWi.jpg,daisy
ZrhNmDNita0pSpZt.jpg,tulip
gwuoo9UMo3T1I8hJ.jpg,dandelion
vI4GU5WJpxJoPfWQ.jpg,daisy
46QHxqQeb5DpWhqO.jpg,rose
fV9gbn31GY8pjs49.jpg,dandelion
Nw4tiduS9vocjj8s.jpg,rose
C0p37njOv44ifl62.jpg,rose
GXRZE5R47zErm9N2.jpg,daisy
Z1U4OOwMqQEQ90CQ.jpg,sunflower
zXGYEBrgDSDGSS80.jpg,daisy
M4LF7b5MqVx6XHgh.jpg,tulip
1nO0kxobDuyYEuKt.jpg,daisy
UbK1AVUBzJ7ggNrd.jpg,tulip
UthoaotFYPv1N3o6.jpg,tulip
Gx0d8AipPmicKHeN.jpg,rose
lYuSAtWSre7I98S8.jpg,rose
CVSTHYkhw5xqD3lg.jpg,tulip
Rmi2CVZbwfI3gX0j.jpg,rose
bPe5NL7JqZgUAg6o.jpg,sunflower
IeQs2C8j1VQMGjPk.jpg,tulip
95LogtXsHgIus8Jl.jpg,dandelion
fEDdQVtc4ddXN2Mc.jpg,dandelion
scwlEcBUQSIVofiO.jpg,tulip
yTPP5dTCjpzWssjZ.jpg,daisy
3T0uH4aXAf1EgCYO.jpg,tulip
jI6xyFmBitxZm8de.jpg,dandelion
XH9Ncb9PfxnXthsd.jpg,dandelion
mcvva5wdNmHxMmet.jpg,rose
JcfY5oTkCpko0EYL.jpg,daisy
nhAcvXynBvRfKhkR.jpg,sunflower
n3gF3MXN12CLhG2E.jpg,dandelion
EbspgOYKRj37o5aQ.jpg,sunflower
oVNXWAKuiHjW4HQY.jpg,tulip
F7D83P2Btb2Kl4L1.jpg,sunflower
0zYpH3reVG3l7HN0.jpg,sunflower
x7Mg4dL4gcvBtlzp.jpg,dandelion
2XMeKlPW2PD9Aw04.jpg,sunflower
zszGqGOBIWcKS0lX.jpg,dandelion
ZuPTNeXS8fQ3NET6.jpg,rose
eCish8dsXGLRsTUA.jpg,sunflower
WSPxUwOHTvh4qAhk.jpg,tulip
oY0tER57oC5Hv1g8.jpg,dandelion
K1GkvxleyVH7fWqI.jpg,tulip
snPrsHUZ7S2xmkuS.jpg,daisy
GjI2ahlxBVowvicY.jpg,rose
QkGTmwftQwWjeqyA.jpg,tulip
e0HQadrDJOgZ8diK.jpg,rose
mR840jEUt00tMBc6.jpg,dandelion
CPNUkcyulckLVWFy.jpg,sunflower
U5QPesRT55UDeXH7.jpg,tulip
6puc9HTaHsBFNMZ0.jpg,tulip
tUTf7FYRyor2ff2S.jpg,sunflower
xyxeoRE7L7h22Ni0.jpg,daisy
dWCkgXYitOBrFkJa.jpg,tulip
dfcjpj4xq2u1GKpp.jpg,tulip
UTKM67ltfo2UffDn.jpg,tulip
N4G91f0e6dxAqqpL.jpg,dandelion
r6CtwQ2SUNvavJy1.jpg,daisy
O7eBgL4UsXSVhnu3.jpg,rose
mURJ5xUAKOXaXZ5P.jpg,daisy
hqIAXQ9Kr8MzyGFi.jpg,tulip
2jocJCrrgM5WRFs9.jpg,sunflower
HCCuKK9ajjPIOV37.jpg,rose
DqMRcnz9kmYpvfDw.jpg,tulip
A3WGp1DBtpbsJ2L4.jpg,daisy
3tBxsKDsburQ1qFR.jpg,sunflower
rmGgPorxxFym8CIt.jpg,daisy
CQucbgd4zsWsqMU6.jpg,dandelion
IUyvKnAOh7GR8J5h.jpg,dandelion
9ZlyxVMxozcv2RYj.jpg,daisy
Mt4Vp2QW3XwWqc9H.jpg,dandelion
oYkOJvmcWpmJYcrc.jpg,rose
aHKVuUJMDrSWKvys.jpg,rose
8ERIbFFptQicIMDQ.jpg,daisy
hwC9U2dHWSSapdr9.jpg,rose
csprJOr34kqvZLEB.jpg,tulip
6qqbWBFacESu695I.jpg,dandelion
T2aPUOP4I9Gkz07F.jpg,daisy
pGlDXgqZaEiTT0uN.jpg,dandelion
T1x3s9wu9xtl9TEN.jpg,dandelion
BmPeJGe9rbLETEok.jpg,daisy
RyxQIiDbosAffMBI.jpg,tulip
m1Isfww5kHmAZxai.jpg,dandelion
0G60o74HlDzbmr5Y.jpg,dandelion
a851UQ1neOOm18p7.jpg,tulip
9r8czfby7VfT0diG.jpg,rose
nwvOsSr7TBXuga14.jpg,sunflower
39o5LX7pjv0mLf5I.jpg,sunflower
2PTgVaSuMg1pTRF0.jpg,rose
uksdOV2zNEzEBsHj.jpg,dandelion
kLmokO9IxLwI8kVP.jpg,sunflower
ZYtu4zbfHdgBFSFo.jpg,dandelion
5bDD8xUxLJ7upX73.jpg,daisy
4UAyvNzshMUTBin1.jpg,tulip
XGVJsCsA4ODdYLJe.jpg,daisy
uvYR2zcqulwgabba.jpg,daisy
j07KBCoB5dZIiIrP.jpg,rose
BWiHCBvvlcXzZH9g.jpg,tulip
ZclCkPvXRENm6yVg.jpg,daisy
cXCIRmyVxuWCt7Gl.jpg,tulip
W5MA0pb5YzICBeRD.jpg,dandelion
pe4caRcEv5GdwKss.jpg,sunflower
nzX46pH01zIGl63P.jpg,tulip
3owT2rIXq1ijHuNM.jpg,dandelion
bAKtX3Wzl8OJvVny.jpg,daisy
iAUXp81bfynQQC7e.jpg,rose
ceP2sTuc4ef1g78B.jpg,tulip
UvQJn83Z6fW2mClR.jpg,tulip
3PHEGxw2Jv4ZGKOV.jpg,sunflower
VggRNatb5xPhT8kv.jpg,daisy
VPAZkXuhqoTgEFeo.jpg,dandelion
hHWzTQQpn1hNfPdX.jpg,tulip
qPf95xP5nYcvAcOG.jpg,tulip
mg1Kbq4gxOAspOYt.jpg,daisy
WH7XPImWHgwElHGJ.jpg,dandelion
iJ7qdlBeEKbphb9C.jpg,sunflower
ySqDEftyskYYjHrX.jpg,tulip
JkYnD5Eni2JAx8uH.jpg,sunflower
SB1YaxpDSwzDYnLQ.jpg,sunflower
TtTYrmmTnhrvPjQR.jpg,daisy
AyuW84q6tblsAuYC.jpg,rose
VDDlcTwG7pSvwiYo.jpg,tulip
j7nvn35f36btB9DX.jpg,dandelion
3MuEKoUuCA9f2xXQ.jpg,tulip
4lPL9e2ADNCmzida.jpg,rose
4ZdyzDt169BYPcP7.jpg,sunflower
JkxNAjMl92jsnwpj.jpg,tulip
xJXjDbTt51N2TziH.jpg,daisy
GHFqbxtlrtfs3NG4.jpg,tulip
vbZA5KiRgohAzMbx.jpg,sunflower
bSto4wEeRPizp5lb.jpg,dandelion
9UCkZJ3IY7atEAMr.jpg,tulip
NJJYpbqO3I0gRzMu.jpg,daisy
X36483sqT2ylZyJI.jpg,rose
SzmjJc39MYsyzEnZ.jpg,daisy
ocT4Igxp8CnhOQxt.jpg,sunflower
2FuGpqaSQRNNzYsN.jpg,tulip
HzdIcbUf4Nfnfv7T.jpg,rose
zKh71hGr0H4D6Mmw.jpg,daisy
R2SnElsnc0Umaf9W.jpg,dandelion
wr27zl3L0r0TALZq.jpg,daisy
5KZUjljSxWwgsih5.jpg,tulip
D7AaAPiWNqc3sIlS.jpg,rose
deuB1Hw3aluEwnTU.jpg,dandelion
3sD3rs5MFlM013FJ.jpg,tulip
kTes1tcwSQ219dxZ.jpg,rose
fGahpjPdGTf4o64I.jpg,tulip
bH4sIq9iT9JKM6oQ.jpg,sunflower
boqbKqK68wwuAbdh.jpg,tulip
rsciMbMKNYsmh5fH.jpg,rose
xAC3Uw4PajAulSQr.jpg,sunflower
BvEHlUK88osxiECo.jpg,daisy
HUajPipafHV8vr25.jpg,daisy
7oJWz54MKpl3gi78.jpg,tulip
fywMb7xVZ7DnX8gF.jpg,daisy
ryfWZWrpSKwHQMRx.jpg,dandelion
XSJwNnDjvTSzoV4t.jpg,tulip
Wt6EBvvaOs1Fahjg.jpg,tulip
kX3WkwTo7DqbDw6E.jpg,daisy
nBEAgzH0WjpFC7Yw.jpg,dandelion
CReaYQZp2fzK7Q5C.jpg,sunflower
fqaq2DJnqjVy5hZJ.jpg,rose
xPlSwVvOxDr2KJbp.jpg,sunflower
8bOv0zVlLnLVQytD.jpg,tulip
B3tsvUKaNSzfK22t.jpg,dandelion
4rtzVNKGRumJONrF.jpg,sunflower
eOJzDqUp5QIpHGxO.jpg,daisy
K9X3ZXdXllBuxh4U.jpg,dandelion
Rc2bmObvRvyU6vWZ.jpg,sunflower
im01anxbBKRCGI7h.jpg,tulip
F4SxiTVMyf86Aoxi.jpg,dandelion
nxN9KFircxF44Isj.jpg,dandelion
p1kVdpH7zdzY091j.jpg,dandelion
GeuHCG99AVVmnI3L.jpg,dandelion
FqzdID1NINOk7n1e.jpg,tulip
u2DsF0jtFihptsUm.jpg,sunflower
spggGHtzRq1iwbRw.jpg,dandelion
6cEMzgExQeDapc2V.jpg,tulip
gxA70xUyV5HwJlGW.jpg,rose
bNORb3GBfW1Ga2qz.jpg,daisy
lNFFMpadbOeGOsDm.jpg,daisy
8Hf0iOip0rleLRjm.jpg,sunflower
EYEmoRTFtR16LoKf.jpg,daisy
BqHvPWThCXMwmHC9.jpg,tulip
443tAoH23cCxsXiw.jpg,rose
VGRJhhxSELm5zvx0.jpg,rose
IaIwcEYxvX83w2fz.jpg,rose
0GoZFlAhya8VaVba.jpg,dandelion
q2Bfd9xgqL8hVbuA.jpg,dandelion
pyZxpthtgHuEv3ne.jpg,dandelion
ctDnr8FVqwv5GBSS.jpg,sunflower
qUyEbHiCL3EkYUPK.jpg,dandelion
IMizbmyp1BNri4J6.jpg,sunflower
FMbMwxGCwREzwBR1.jpg,rose
txbtlUuM4e5TR6hx.jpg,dandelion
2DCCXnXNxITI30re.jpg,rose
jMpL00p1GXY7oIc1.jpg,tulip
PNedz7IHMZvElKUo.jpg,rose
vB0KAngzlu8YP9hw.jpg,sunflower
pPbBZgQc5eFox0On.jpg,tulip
yJNxWmxQfW1YsmYc.jpg,tulip
8XttEh72prg12YtM.jpg,tulip
OmJ6f64oRM0dQerp.jpg,sunflower
RN0HHNS3XMvneE6Z.jpg,rose
cqSrvrpk8acZcILD.jpg,daisy
pYZY0ZEmuIy1i4L1.jpg,tulip
yYqXAGq0wkYMBU6c.jpg,dandelion
fZldDLVmSQBg7Fde.jpg,sunflower
jq7vzxWgAq0twT84.jpg,tulip
q2UeKhG3kq7Nmv8x.jpg,dandelion
as0OP23NQCGlu6OX.jpg,rose
WePYlmuOgdxhUJHI.jpg,sunflower
5RHGOjwPXehwNia7.jpg,dandelion
fqnWfx1JsRETxKtp.jpg,tulip
67ITQUWoDBlkvD80.jpg,daisy
im3gxNWhtuUL8bWz.jpg,tulip
S3BKD1mH6vIJ76kH.jpg,rose
5fy5TqKXrdMrpB6K.jpg,dandelion
kjN0Jx2xwaTy9fux.jpg,sunflower
zya0Qi0dHmkN5l39.jpg,sunflower
BWoPmosRp1OHaFeK.jpg,daisy
B1NfWfSwyKRIdy8T.jpg,dandelion
ENQirMi4YQ9LDpJ1.jpg,sunflower
pS7wlz9xF7q1lKJi.jpg,dandelion
W8dOTE6zLzsiBEhy.jpg,rose
sgqpsXsByVcpM4fo.jpg,dandelion
avvG1ZJYi0BCk1Ec.jpg,tulip
C1qYTTculNbgPrAD.jpg,sunflower
8UiqGiki2vBs17fd.jpg,dandelion
5hjMLwYfyVjLQDVA.jpg,rose
4gGCYKgDEvC16eAO.jpg,tulip
MoO4IFHDgdqNgFsa.jpg,rose
FcMZGZDG1M2xR91h.jpg,tulip
wq0jXjudtbgJphiD.jpg,tulip
DuK1QVFapvnEUMkk.jpg,rose
2X4nJbZiGPZwXdQS.jpg,dandelion
2wln9EtyYQzoDV9J.jpg,sunflower
AJ3jcq3v3D6DY2v7.jpg,daisy
J8nqXJtIlr9RBMeZ.jpg,rose
1PsyZzycv58EaEkt.jpg,sunflower
5qYXxVrsWiDs5cyq.jpg,dandelion
2EXuMLL013cIDR7a.jpg,tulip
fQrLpSIzH5lxOd2v.jpg,sunflower
qHQRGfN6Gb7XIhNb.jpg,rose
ZwGKKq4dpnCkDWiq.jpg,daisy
1W0K8pjj0p49JTCy.jpg,tulip
LmmD7qUHORheIXRh.jpg,sunflower
LBeCYj1dRAaNT1Wa.jpg,rose
812XT735adMdfK4a.jpg,dandelion
FMDSMv0WNCd2jxcR.jpg,rose
p8Mih9unrzMI95QK.jpg,tulip
dpStiXPhkDso4unS.jpg,dandelion
FCxPx536NevzzDK8.jpg,rose
xCSzbFJuCfp0k9uR.jpg,tulip
E0OCXmVaCzzgdJPy.jpg,rose
peJlpNyLCfNphjYn.jpg,tulip
z7bhcPlmeXmAnbcy.jpg,rose
kEWKR6YAgWu2Jo2l.jpg,dandelion
BEOg6D6PKoMrqiig.jpg,sunflower
mPW4obWJEOpFurbP.jpg,sunflower
frMgk38YWDeKyShR.jpg,sunflower
HAo4XDnL4b3AVgV3.jpg,tulip
lKmJnWnrdoOFnkxq.jpg,rose
LDbVzOxWoAUimzCu.jpg,rose
NS6gOwkWhKbKjPVa.jpg,tulip
JGMsAuTpBTTIyMbH.jpg,dandelion
xSThQ5ayZXulo1EG.jpg,daisy
o1PA2jsdNkxXfTKj.jpg,sunflower
2M1g938UFHBarjuM.jpg,dandelion
VuXvjEIDqloL7xLp.jpg,tulip
ek5xcFFHwkneKQQl.jpg,tulip
3ufNGPPdh0Wicfft.jpg,tulip
I1BqeIBCpYp9WrRO.jpg,tulip
s0EsJoZE92hYM5w7.jpg,dandelion
1ovrwU8cKGDWR2KO.jpg,sunflower
WiIu8YwxQtm4mJWG.jpg,tulip
exJVzljrKoYk9UvM.jpg,daisy
CNcsyoeY71dpKKdi.jpg,rose
KsjWxgArrNdLxZbj.jpg,dandelion
IK9Vx2p2wFrVl3AJ.jpg,tulip
m9XFcEjXNjWAFsUV.jpg,daisy
pQifECQIszLJDqAv.jpg,daisy
JmREDZaaWNJLRvaE.jpg,rose
EV0h5Hg5tKiSTkCK.jpg,dandelion
ClfwExI9SeQZDtc7.jpg,sunflower
W87wG0Ldd4duII6C.jpg,sunflower
gZ5WRcUaulQNVj0y.jpg,daisy
WPTqFem8yLh791pC.jpg,daisy
wKxLKglalJjcCyg0.jpg,daisy
Vwo6O7nCcPFYoU4I.jpg,tulip
nO1NZC5luYIfMobu.jpg,dandelion
2xOAUGLUWrk1D8FF.jpg,dandelion
RxrQ6BwKjW63kBW7.jpg,sunflower
2YuLE2S0gd8Nlww7.jpg,tulip
OozBNyngkwFNgLDE.jpg,tulip
xPpKyhaHRoov5JtN.jpg,dandelion
P7G4h5MdPx7e4fLH.jpg,dandelion
0recvmrZV3JwiOIT.jpg,daisy
QBp6BzMCfQFFr2X5.jpg,dandelion
i2qQG0eMUbldjzw1.jpg,daisy
D0mvsyOQHAtw1ZSH.jpg,tulip
adWt8VV2CIENUNSt.jpg,sunflower
xhYfY1NfJmFCxyPE.jpg,dandelion
h3B9ENuV5rAsWtd4.jpg,rose
fx9TjOvbJbPEb4qu.jpg,dandelion
Y7sMpbSW15UAg5b0.jpg,tulip
rxAqVBo5NCVDozy1.jpg,sunflower
a7u22E23EljKZoMN.jpg,dandelion
Xutxv5PS05CBzQhP.jpg,sunflower
9pURKZ89DcmVkSTq.jpg,tulip
43e937JVYZ9vXe6N.jpg,tulip
V54y3eIpcNdgyjog.jpg,rose
VOT4J1rsFvQUTO4Z.jpg,rose
TA2wdnXsGXPtydWp.jpg,dandelion
FatoriEtzVVxp0lq.jpg,rose
s4N5Pdx2Q0Kdx5oe.jpg,dandelion
oVAUW6lfl8X5p8aW.jpg,sunflower
LNShooDnxEHoTFVh.jpg,sunflower
ixOTJlxQutu8FykU.jpg,dandelion
eGLj2LL8uB16SojD.jpg,sunflower
opq8LYxWCFiqhH18.jpg,daisy
teCljWgQR1HxOiYz.jpg,dandelion
vPdQuQey4kgRCtL0.jpg,dandelion
Rz9MZYFYuj1x9a3F.jpg,sunflower
jaeRbYMTLKccalEG.jpg,dandelion
oVRukl8hh7gkOwKe.jpg,tulip
i2x85uUrC9YwUWRP.jpg,dandelion
69J8eggUDsPNsx6S.jpg,dandelion
YBBu3fHlHOgwlLvH.jpg,sunflower
D9cpMiUopBbvyqrC.jpg,dandelion
SveIxd2m9Qrb6PLy.jpg,sunflower
ZUOtQHgFHgIGUkZu.jpg,sunflower
8YrLKpJMbVSRN6xv.jpg,dandelion
BBsTpu6Rb0dOa28I.jpg,tulip
25IGszBavXBNSy4p.jpg,daisy
xNAUQCyVizEmkxBl.jpg,daisy
27rHVvI9KW9IF4yw.jpg,tulip
yjMmg2pskRForMfi.jpg,sunflower
kBjQMWu9i02xBy68.jpg,dandelion
BZ7NzSUcrYztLFW7.jpg,tulip
yXNrr9XgdujJs6eN.jpg,rose
lanZLLn0QW9qr2Xy.jpg,sunflower
st5RcgTpNnMzVkMh.jpg,daisy
v7o4eS2BFbHX6iU1.jpg,daisy
YOIUHuaNZOcwwo5Z.jpg,dandelion
xfQmssSKc2yymRTA.jpg,rose
YeaBJG3pGGAAbNlN.jpg,tulip
9rMZiefL6yiIsqK6.jpg,rose
2KMQke9qLBnHysbu.jpg,dandelion
QRc677Q0UOByb1lG.jpg,tulip
2prh7jfaLZtKDPfM.jpg,rose
egNlPLGdZ05E5RWz.jpg,dandelion
hrKOBvfM1CoCaq75.jpg,dandelion
NWG7HpPtgWFpAaLI.jpg,daisy
y5SwkRGNObduY9bp.jpg,rose
3KX5qfBxS9WpDcUd.jpg,tulip
Lhuymo8XFQ3HuR63.jpg,daisy
nI0ofhsTqfHwBdwt.jpg,tulip
q4yFzojTge33HeLp.jpg,daisy
uPzdnLtwZu41taUt.jpg,daisy
Fxc5ijXSEMAK6AYz.jpg,rose
t98taAdPJlUivK6i.jpg,tulip
2A51MUDGxI7ZboFx.jpg,dandelion
RC35iiJkSy2N8HiQ.jpg,tulip
NvLeR5jbcT5yjBZ2.jpg,sunflower
cMDdfnBhk7QXk0cb.jpg,tulip
FLSyQ4nzBZB3NFsT.jpg,rose
fp36Vtck2XEYiKq1.jpg,daisy
YYEnJnPjTn8sKZQY.jpg,daisy
rkOREeMrihnnMjoC.jpg,dandelion
RdWNSyzly9n3f1zw.jpg,rose
ogMulxJ8V57oNEqb.jpg,sunflower
cPF7QYX965xMeDrl.jpg,tulip
iOhHCFAqOWcGDXJa.jpg,rose
0u6JCWpJMuiHRRYn.jpg,sunflower
mdj4IetDP3vJzEM8.jpg,daisy
XgcWABVBH4oyFb3P.jpg,sunflower
Yy9TQkbUg6aWa7rL.jpg,daisy
209rx3OBMMU6gN01.jpg,tulip
AdHktD3aQtDCoG5Z.jpg,tulip
bYjOdFT7xqNfEu29.jpg,rose
9M9awYwcEEcDE0FZ.jpg,rose
s8sF8G237rjM5Uzs.jpg,tulip
SbaQeS6XNuSvKS5W.jpg,dandelion
vRqeMjJVl0A92dMA.jpg,dandelion
vx2RAlLvp3n76vpw.jpg,dandelion
QJiknakAzv1MXMYF.jpg,rose
fDoaYHOU8sR2Avbn.jpg,daisy
uPaQbzGwlkn9TLge.jpg,dandelion
jXAvvOWjfBpLHopi.jpg,dandelion
wYqGH8oeH0Bk6t8f.jpg,dandelion
gtZhoxkxrgnPBOuH.jpg,sunflower
K1IudDSRD3XSxhgj.jpg,rose
1ZfnqiBkrlfNgOMg.jpg,rose
hUl0uffLTx5EbCL3.jpg,daisy
v83cwlntPiU8Aa5U.jpg,tulip
8aB4B04xgMCjITh8.jpg,sunflower
7pHhIXm55YzDCoDL.jpg,sunflower
yELnBfvjag1l0RKz.jpg,rose
S254eNSxu5YnaIHD.jpg,tulip
kbjM7Yz5SRK4kiCj.jpg,dandelion
lNNKnAZeqBHvm6FK.jpg,rose
kno3XJpvlQfyJGse.jpg,sunflower
bj9fr6WjssYq0z1l.jpg,dandelion
HfqbESMlcsGE27lY.jpg,dandelion
4NJW7PuXujPZ7qYW.jpg,dandelion
pI7WY3EY11ZnrLXm.jpg,tulip
1goUMSXcmHVD3HN8.jpg,dandelion
abdEWmSDt5tmOgjx.jpg,sunflower
axq2kVEFiiVb2Fan.jpg,tulip
3DHqM1tK8fWD5Ci8.jpg,daisy
JcXftpQLiWDRrQvN.jpg,rose
gIdVYmzM8fPZYhQR.jpg,dandelion
2rTaAELxr6oUDjlt.jpg,tulip
8vVMjjNCul9FrxV0.jpg,rose
bWnXqo4kfqZivrbc.jpg,daisy
zCtM1yDTSWEp2Xqm.jpg,rose
nt76RSa0XvjwnjQm.jpg,tulip
52aMPC4dpl2PdpGH.jpg,daisy
U8yPvBilyp7d8aEa.jpg,tulip
wa0w75aPsBSzKqKJ.jpg,tulip
sfbUSyhkiIFO9gXS.jpg,dandelion
DFHQM9Xj7RhfZiWO.jpg,dandelion
f1yHrEAEj03PmhVd.jpg,tulip
ib0WZuUr97quSkhI.jpg,dandelion
A2yNHHCssZB9SDTt.jpg,dandelion
gQTeB10vCEhQqkfN.jpg,daisy
y7tytPIz37fOP4kO.jpg,dandelion
P8RwyWSe8MPdkegX.jpg,dandelion
ceZoyZNNyUDsRiZs.jpg,sunflower
SM5wopbutfMf38Dx.jpg,daisy
5nRxqWbUbsdpivzg.jpg,tulip
Zx0nPtWq9hnD1Ygj.jpg,tulip
AJ4WWihgW0vwJ5XS.jpg,rose
JkaM8fWceSwPrTp7.jpg,dandelion
wA4gDJvOxEw5kQMd.jpg,tulip
IwPPZAAEftlNpp7Q.jpg,daisy
gkd3RNMRIJERBDrx.jpg,daisy
MZeta3jaelkEjF0J.jpg,dandelion
FAsb2nnEEPoIP23T.jpg,rose
5Zo8x9e5tt9ovYyk.jpg,sunflower
Ff3qGTlxjIM8UobI.jpg,sunflower
3x1ULPhLOPnrZjys.jpg,sunflower
dkYTTnXNawlyXEF2.jpg,daisy
VMYwLZ7nUlwL1jEE.jpg,rose
8u5NlJIUsvfI6TJt.jpg,sunflower
TXtpjhtB7BpIWhsE.jpg,dandelion
Oy4GSUt57dm2NaJ5.jpg,daisy
zXakoHUJROlvEGP0.jpg,rose
JDZVXNxVNijdxRiW.jpg,rose
V1gaj8ewV7tVWbph.jpg,sunflower
bQfzwPbSqk9uodcb.jpg,tulip
i3xg94HtyrrXjglW.jpg,daisy
PRdFoY2D4wlgeaXq.jpg,sunflower
AuNIdbQm9W8oQi0N.jpg,daisy
dcjZELJRqL2ZcYvd.jpg,sunflower
ujS8zsiepLOxrzfd.jpg,dandelion
UJtxUjLtLvO7GzLV.jpg,tulip
E7qJrZMNHH1kwsq5.jpg,dandelion
t4646R9Coqm5f51q.jpg,sunflower
cy1H3qxVDINOGKP8.jpg,daisy
CuNHp0mBWtTElNH4.jpg,tulip
As3bfccMaeXhrMTG.jpg,daisy
VBaUcc5nVizB72fO.jpg,dandelion
6Vehea8jbBPzORvf.jpg,sunflower
7PFFrATgWzdKvVuL.jpg,daisy
5yg3DF5PbMajpgfu.jpg,dandelion
NlqTHR4pMsKC2enK.jpg,rose
0gzy5PpPDRUJY2gd.jpg,daisy
4PSmFizjEZqlrgOQ.jpg,tulip
x9gpxyt66swfvvUz.jpg,tulip
wKMLVizGyzGLRo5F.jpg,dandelion
MdY1JcSjtc3zOw2K.jpg,dandelion
9LZa9pacyWBVXgRn.jpg,daisy
W5xeztOKvi1Eh0Lk.jpg,tulip
PbqEHo6nrPXFxFBR.jpg,sunflower
bOmRnYpSPMEHxP06.jpg,rose
BdmctBctppOpjsfq.jpg,sunflower
hpXjfoPMWKv7d1QZ.jpg,sunflower
maBKWslFF6eWMB8D.jpg,dandelion
S0xry1BVVDv46RSN.jpg,dandelion
E7B1PP0V1IUz71dg.jpg,daisy
xgf41Z8QO6e9crPT.jpg,tulip
NrhXpX9eXV8fLmPv.jpg,daisy
J5dVWeoKSqxAtmew.jpg,rose
pbZceiontYE4vcT0.jpg,dandelion
vS10VinbK3Avs0B7.jpg,daisy
oLnDI8dvkQMThZYR.jpg,dandelion
q8nQum2d4F5XPGEd.jpg,dandelion
FUv9rkmG69R3VoF5.jpg,rose
kTKUWQbUuSXQgt4r.jpg,dandelion
oH5gK3P73k4yCkX2.jpg,dandelion
J6WOqLIYmviD4ban.jpg,rose
GMQtkytkjCkSN6hB.jpg,dandelion
F9Pmj85I5xNYo1Aj.jpg,daisy
MnLJNTlEStmrqiZR.jpg,sunflower
omZoyJhfrvMkrQpv.jpg,dandelion
b31YPxmH8qbMJLit.jpg,dandelion
MEkiMemAfRLZK9ER.jpg,rose
BPuqGzIllGdAh16d.jpg,rose
JqzLzA4g364nAzJK.jpg,dandelion
zNCERINnIQpWcvmJ.jpg,sunflower
3eMSZ40S02koc6bC.jpg,rose
ncRUTMvaqQOTgBpG.jpg,sunflower
GAfcBngPLP0ZYZ5h.jpg,dandelion
UIebocysUOTOItL3.jpg,daisy
KH4Ve8OehqYB6YQA.jpg,sunflower
O7X2IsIdjtV6szll.jpg,sunflower
sgHxNaAfkf0FrjKp.jpg,rose
3qKphsAkcn0AgZrj.jpg,rose
0VbV7fJkV3bP3GFX.jpg,dandelion
GxVerTZutSqqLPOf.jpg,daisy
aEle8nBTMV6y0hKv.jpg,sunflower
yIkYM97jofYAPnfp.jpg,sunflower
ICn1KjZd4HJEkSLf.jpg,tulip
Zzz1ziZ4p4CJcQl0.jpg,dandelion
8xyTcxD6iDUglWbx.jpg,tulip
xhuiUD1WzYCQN0l4.jpg,tulip
RzQNiFdYplPZ9p30.jpg,tulip
36qOIVC8PxRa2Msh.jpg,tulip
9oF6dPQ7MDAqEocT.jpg,daisy
9S8k5V8weMNVE20f.jpg,daisy
RboKNQA0IHC1fpxt.jpg,dandelion
F8f6weQtev8zH15a.jpg,daisy
jUUrEOxFaEv0D0wD.jpg,tulip
bfr2I5taV4YFPWwX.jpg,tulip
YObgm59MJexoBfyt.jpg,dandelion
B4QiytCJDYS4x1Ra.jpg,sunflower
26rHZBjONZgxPNcx.jpg,daisy
8JI0gIDMnUFBKPEC.jpg,dandelion
pDUf793FHv9RINUC.jpg,tulip
OIIx87FnFzmMMiz9.jpg,dandelion
fIgVx0beBRu31BQT.jpg,rose
vPX1zKieGFfkj9Es.jpg,daisy
C86NbL0HQH0N9RhA.jpg,dandelion
UWSJZz6VGePmSlMx.jpg,rose
RSQAMliuOuwarudq.jpg,tulip
TPyf1YdBhODL6Y40.jpg,sunflower
FLn4uzAcUyFi8jIW.jpg,tulip
YcphJrWAyoaRCtn8.jpg,rose
iDG6oJQvQhOBG528.jpg,dandelion
DvVU4sKGddF7GJ9u.jpg,tulip
uyalp69iEbBFbHIz.jpg,tulip
7zYn88lrcG2cn7sy.jpg,tulip
YaF64vT4k0F9F2nF.jpg,tulip
9ZHvsu1ymU6M5d3X.jpg,rose
MOTJkygfu9o4hOjc.jpg,rose
20L3xDHN6qn4ZNy9.jpg,rose
0NXHr2p4KGwUqgTw.jpg,dandelion
69l7uhDvMvE8DrbU.jpg,dandelion
hy1iEXXavAUQfw1R.jpg,rose
yXzrV38AQeJV50eA.jpg,tulip
mbvHo0rYwNwOGshZ.jpg,daisy
Obl2BzYUSQrEPRqJ.jpg,daisy
0DjrtM08TLbg6iqC.jpg,dandelion
dHaJvyU35a1BvzHL.jpg,dandelion
BYuEgg17QmnxX7N0.jpg,sunflower
MGTZaTwJRauby3N4.jpg,dandelion
oB9Rgv8w7qLYdEtW.jpg,dandelion
PxjjEhowQyAN4WAk.jpg,dandelion
rqZBIArcWISNiN59.jpg,rose
jGBCyIlZ2x4sc1jr.jpg,tulip
ugrKYuyxwrL5Zv1f.jpg,sunflower
UBVeYiv09ThPASSE.jpg,tulip
074kvW8WqZPqfY9V.jpg,sunflower
5kEK9yAiQ2QDwQUd.jpg,dandelion
miNLVjMqJN4dClwK.jpg,daisy
nbc2ru2zO80F4vbb.jpg,tulip
W5K0oPvqN7yg8p6P.jpg,tulip
xIdjoCvXuJ6BWWvr.jpg,dandelion
OllV7IUFxPANmdNv.jpg,rose
Jn9eOLf3w02ZB2qK.jpg,sunflower
gezCUAkSN94lzjjS.jpg,dandelion
oZJdq4MiP8PLsZZQ.jpg,daisy
enCneUoMJNV5iLPr.jpg,dandelion
1igTpq4HcKhCZkKr.jpg,rose
lp7XMKAMV1i5J7XE.jpg,tulip
aglldtAKlYY9NrML.jpg,tulip
nyiMGALeIDCfpWhM.jpg,dandelion
CqKTTmCovb0aAtmj.jpg,dandelion
qzkk2LqkteM6QAK1.jpg,dandelion
gDDp8Z2LTT2JsqPR.jpg,sunflower
A6AcpAkYNvd4PoRc.jpg,tulip
9glH9PkR56IZcovQ.jpg,tulip
jhWHW9hiK8E6YRxd.jpg,daisy
m1aMwJ4BsCpV0wZN.jpg,daisy
i7TTeHVVw0qel05z.jpg,daisy
R9dIPGJM6PJxrInA.jpg,daisy
vlNgOf83O0Sbd7ix.jpg,dandelion
io4huCJFRZx9M1Wl.jpg,rose
1zHh9DKqcfIFj8Ms.jpg,dandelion
Z4to1UaeG4NejMiN.jpg,sunflower
bLElZSWsXVJUuwJt.jpg,dandelion
uoummwXRMqnHXv0C.jpg,tulip
M88Zhwa3e94S0Jq0.jpg,daisy
kvWV0y3VpvH6yxoB.jpg,tulip
GTLPsdjaLYdcFSHQ.jpg,daisy
zSTERjDZqXOeHEra.jpg,tulip
eSoMU6Ez0PdEfBz9.jpg,tulip
VYzb67VydQP3aGLO.jpg,tulip
G1oW0v8TqNFmoRfu.jpg,tulip
KPFv1YhFnivnNs4b.jpg,sunflower
Vo71MXlUUQqByOTu.jpg,rose
LG0KhxdN1qpa4R13.jpg,rose
nKwa0Hi8iaJlcmZ0.jpg,rose
k1bOeSDDAxbbdqqj.jpg,sunflower
Fh0lEcjXDp3S74lK.jpg,dandelion
V5EvjaZDdLmb7i69.jpg,daisy
FO9zJ3ioMzKZ9ykE.jpg,daisy
FORji3xGFwBX3Uof.jpg,tulip
UYt12V821dyToteW.jpg,tulip
6rj3yHCk0IB9TNeH.jpg,rose
7r97QYo0R8dtP61c.jpg,dandelion
VELMYTOSojGWUlxC.jpg,tulip
ZNwfPrJm6S4PlGjl.jpg,daisy
lQ0hLbO3YXXH9OBN.jpg,daisy
J6CgccVgQbM4deak.jpg,rose
XX9Z6PKYQcHKtPSt.jpg,rose
Muc0gaogv5UjpZHw.jpg,rose
auix2VeluJLCJlGU.jpg,tulip
H5KncqqxZlohf3Vo.jpg,sunflower
gTbRXv3ZdcCh95ub.jpg,tulip
bLMN9CHnNjrT4Q9Z.jpg,sunflower
qvZX1Nc0HfOtM4OY.jpg,tulip
dd9k7nLjro3BNgz2.jpg,sunflower
HjralnyBpS4pB0AG.jpg,daisy
NQYx9N5yNMYTuRxE.jpg,dandelion
MTpvyALwun0wG1EJ.jpg,tulip
5YGEuwU7W0Yfp49K.jpg,rose
XvwxsDL7k2bZovRn.jpg,rose
qXbTbnoxaSz6VSA9.jpg,dandelion
HxemNBsMu8XGAtf5.jpg,tulip
6h1p5jhHK37rnR8l.jpg,dandelion
NfAXxwg7z13Gj3FU.jpg,dandelion
Z4L51vUNQm4b8wcA.jpg,daisy
CCnFF9rxsEZiHw41.jpg,sunflower
GWfbGXbfUaDtFsGv.jpg,sunflower
0GAMDHHoymzHSyeh.jpg,dandelion
P9PeOMpjPFgw3Hm7.jpg,rose
CqRwKjoBfGwwUi0l.jpg,rose
yDM2QsEa4j5iu1SN.jpg,sunflower
srTtl6zTITBD7YTR.jpg,rose
165yjlMktFJ78x0W.jpg,tulip
UCETHiH6oao2DpFN.jpg,dandelion
nuNITBSkcwjNUYa1.jpg,sunflower
eJOGlUlqaZMYhHGf.jpg,daisy
tpKjZbbzE0P9u3T4.jpg,rose
SBFRhSJDLs3xA47b.jpg,dandelion
CAIGoNKvJ0mRZkRm.jpg,rose
ijhdOdcyvzmEL6Mv.jpg,rose
BizsReGWHlNmPByZ.jpg,tulip
OsgyvI6GgRtCPKcq.jpg,daisy
yauIe7PslMKbCG5M.jpg,daisy
Oa0tt42DhJy6M5bS.jpg,tulip
Isc8tyjt9q4LJqek.jpg,tulip
h1yVPePmn3T9cMVg.jpg,dandelion
IbOW5X95bRkJk7cd.jpg,rose
Ot6qHYhGF6f6UzAn.jpg,sunflower
rBrMcE7uL58kkcXu.jpg,sunflower
bgAPconc9x3VmHG2.jpg,tulip
elvjLViFufZ1A2OH.jpg,dandelion
oCFaMaU1E5039S9q.jpg,sunflower
vQ11yNVJJsI6Nxrg.jpg,rose
75KJBLwqzwDMMr47.jpg,tulip
ydlEn3DYPvMudbj1.jpg,sunflower
jVyFxxIQagPJSKSu.jpg,tulip
40ZwROGBzG67G9H7.jpg,daisy
8GQlGFIqkHYTzjLV.jpg,tulip
E6Oz6ENwQ5T3PgRd.jpg,rose
gJt7et13xVZ6cRBe.jpg,daisy
2CREvb8Lg5CW22YG.jpg,dandelion
2gBbaUE5x86E6KQS.jpg,dandelion
0SxnYEgprY0l45mY.jpg,dandelion
CU1lmWOEvWdirYSk.jpg,rose
3BzdRqirjhrMrYTZ.jpg,tulip
qS5EV1TjTLLB5dbC.jpg,tulip
YzpG3MctVqr9nsuy.jpg,tulip
JvqoOPCdUKgP2NsE.jpg,sunflower
AUR3SdIT8zLDdjoh.jpg,dandelion
A1ezYW2z0XEQDTYi.jpg,dandelion
MoA3JouUUcNdWDdS.jpg,dandelion
cC73FfwY4IIFfXNF.jpg,rose
spaJqUJcd9pOHofn.jpg,tulip
lcTUCzJE01Imxbn1.jpg,tulip
e6uwi7HZyQkn3uuF.jpg,sunflower
L1NaZPiBkQV9lvsg.jpg,tulip
12hpU0Xqwdx4oNAo.jpg,tulip
EEVS3QiYNhztfmC3.jpg,dandelion
3bo4BsvUQHZXzFcx.jpg,tulip
0tVq4dbi44HmCwuI.jpg,tulip
aTlfzDkaqpsQrkHL.jpg,dandelion
iz52YfwA9z7ZXVxq.jpg,sunflower
WxJP4FmHkeEuRZQR.jpg,sunflower
LsMR4WFD93kGf3SK.jpg,sunflower
KAXZGID1lVpYaRUg.jpg,daisy
5Uk1ewyU6m3PUI4u.jpg,tulip
CDYv2ugmW1t8YI2c.jpg,rose
eQXxrzC1ytaILJ5D.jpg,sunflower
vJe2th6kvIXRlhNO.jpg,rose
MiSR38ha5WYurSXf.jpg,rose
YVRtlN6OiDFmAfKq.jpg,daisy
g892kAeTDjIkGDqv.jpg,tulip
MdsVwBqlv6hvrQw6.jpg,dandelion
mz5hE885svV71OsE.jpg,rose
7RqdFnAvS3Ck1ViL.jpg,daisy
uSOCBSlhMjVLMWAO.jpg,dandelion
m0kYZybnYXUI7dV4.jpg,dandelion
pEiOUml6oWT7EZJJ.jpg,tulip
VBIxJ8YwXbkd1hgX.jpg,daisy
svWSPpzI5D22Z2c2.jpg,tulip
WE9OCEwtF5yU3nuL.jpg,daisy
3sIBCMoXdliG6RtB.jpg,tulip
gbxKOCOsL7KjhI0U.jpg,rose
82j10AgLgyg3srWG.jpg,dandelion
ZWtJt8rmFaR8sMmI.jpg,tulip
VqoWQzzEvbWPJ8TM.jpg,tulip
Yu92SfvQ4CjypmcH.jpg,rose
nCvpfRzyl0Ap9yoH.jpg,tulip
7q99JJXn9wU0B8l0.jpg,dandelion
boTmcrHmjT3pnsZS.jpg,dandelion
pwYl65nK1vc5qq2O.jpg,sunflower
RxV5AigcYvYqOPUN.jpg,daisy
raCgkppkftRC7ruX.jpg,sunflower
5Y8fTPsKbmku66ZU.jpg,daisy
HuOV1QH0636whWIZ.jpg,dandelion
mQduDKIGGELiZJfW.jpg,dandelion
RIXQIAAvBFDMEeSX.jpg,tulip
h1JuJAU1zV3ZcSky.jpg,sunflower
Hgj05SDh2h8QH1OW.jpg,dandelion
FfRHEGMAvswMIj6p.jpg,tulip
jjpFPsSOvL2fA2BP.jpg,tulip
SfnhvXUWpOlRRLWT.jpg,sunflower
MyiEMQLhsh4P2Mr5.jpg,dandelion
vHZcv5mu9xS8OMEN.jpg,daisy
eiAJMCoEljYxWdqj.jpg,daisy
S6IVjrWLetBZbbcv.jpg,dandelion
q4YnCztOKnkEIIkt.jpg,dandelion
p7u64u3khA2gl1JA.jpg,dandelion
V8l7zUGG95RJsPX7.jpg,sunflower
L5mB7RjeQdXd7m9U.jpg,rose
4peXnoD0X2CZWyOH.jpg,dandelion
1nK1uRsI4hihxpuE.jpg,dandelion
2n8COGHMoFO8DXn5.jpg,tulip
GXFOnNRhu7zIrKJQ.jpg,rose
RNkAdFhwCKF1NfMO.jpg,daisy
4vDKqNSsMBE1bDCF.jpg,sunflower
yTmw2Nb9DNV7yoNX.jpg,daisy
KEaEo4RssYVJRO7q.jpg,rose
kF4ENMAFFZbFRzFC.jpg,rose
UsEHELFH2fwTHnyk.jpg,tulip
O4DfBCtPxrrURFbf.jpg,sunflower
x9FHWdoKrsBDMJ2m.jpg,dandelion
lL52PSwA9A6rz5mD.jpg,dandelion
sJ9Tnk9BFibdn2L3.jpg,daisy
TtZiQakobmQQmrTI.jpg,sunflower
1MCF5iGuW1k9C2B8.jpg,rose
RiZ10WTk1p5iSLDX.jpg,dandelion
D1icFY39zstZNmWZ.jpg,tulip
TBoOuwez3G2WGG5O.jpg,tulip
PhbkEfxc9r4DItgT.jpg,sunflower
54590i2WiQwGoVCV.jpg,daisy
h9h3ICcVUXnoXnA7.jpg,sunflower
w0WoNhLJL5bBWC45.jpg,rose
Rjls3rUQb2ZDPRoL.jpg,sunflower
5eq68I9HMb0C9Mgi.jpg,dandelion
EtsLb2dQes4amCtT.jpg,daisy
3RSt9prMPDXvx3q6.jpg,rose
pnerPB1gzrdTbTiX.jpg,daisy
UQFgnja88TzSj93M.jpg,sunflower
VoorXcpIM5OXhFmH.jpg,tulip
QOw1Ska10sbRFb8N.jpg,rose
RqoBA6uRupXb5kfZ.jpg,sunflower
0LcxTYjxIwkgfjbB.jpg,daisy
P7puQzBQSYLW65I4.jpg,dandelion
Qq0JgizUdQyowZOJ.jpg,dandelion
rUsh2bd59VKGJIC6.jpg,daisy
mKHad4VZN3bgonCZ.jpg,tulip
fH68kZnZZGvip3Ef.jpg,tulip
sZRuFj8IhIhnQlQK.jpg,dandelion
JOlYx8xQ8fNQWoPs.jpg,daisy
XnXrkw642Tj6ok2z.jpg,daisy
gMkxpElNj9kZPGvh.jpg,daisy
Ox8y6nIVEhBdWYFT.jpg,daisy
rIeoGDDdmazofX93.jpg,tulip
2clNBxqHM7EMQ4KI.jpg,daisy
wFDSFyZ9nnbjXMuK.jpg,dandelion
WSDJimjIeMIiLKk6.jpg,daisy
P5JAZgcIMH2gR0VS.jpg,rose
DZOyiJLOjw3CyiLY.jpg,dandelion
92UH5VaBMmixBSCJ.jpg,daisy
wChYL0mMDgdyyodV.jpg,dandelion
bNRv569lWDifLal3.jpg,daisy
HWSBHtNZEvm5XCQf.jpg,sunflower
UL1G76pDxGIJ5IgF.jpg,rose
Q0hP0TORU85yxOd7.jpg,tulip
o4CogilQhgv1Eu1I.jpg,dandelion
PImBEFoXHOi1o5ah.jpg,sunflower
FAuLk8hdEmmHe4rn.jpg,tulip
aPIwyYy7BtzXyZo2.jpg,dandelion
6bkAvRBtDd8qRog0.jpg,dandelion
h9uICfcHPf1TYXaG.jpg,daisy
3C0bFbtWrZCUk1hX.jpg,rose
Pojb9Z4dhUooZ3k1.jpg,tulip
PtuIJkMJygusggJm.jpg,tulip
aD26QO2AiFcNiYqJ.jpg,sunflower
LJPAWhOICZ96QCof.jpg,dandelion
Inj5mM2LfUbaSS5t.jpg,daisy
1AOmJViOYzybGGvy.jpg,sunflower
0O5Rz6c2PAghBZAg.jpg,sunflower
KHtghQfDGBRCSzLq.jpg,sunflower
EJh9vSbMsf1JxETD.jpg,tulip
p4SajSAQsZyyIXdm.jpg,daisy
CZtBGKrEiV9CMI8O.jpg,dandelion
C1Np7sIqDR1HOGaM.jpg,rose
e3YbEKD2ZS0qzGi8.jpg,daisy
cr7sTDvbUSDaynrQ.jpg,dandelion
JiK2ctwaqbIllwWs.jpg,sunflower
WQAllHlbqP5nbYHy.jpg,daisy
p8qtPUB5FzoQynC9.jpg,rose
0BQPgJDWcKV156oo.jpg,tulip
3i5UyVGcWzPOXTZF.jpg,rose
gROMB8eHrfPVLZQr.jpg,daisy
3pa6YfVCZYZPSsLo.jpg,rose
vscwr6sn52aAgkWo.jpg,tulip
sE5Tp2BPSvyg3ZZe.jpg,sunflower
W7anekCzG4QF0vEq.jpg,daisy
tvsEVhYoR2JVjRmT.jpg,rose
gT2TLu0rCsbXVMKK.jpg,sunflower
VBaVy7idHGLRWKpq.jpg,tulip
GXcwuwQyw9i2K2KI.jpg,tulip
7QTBZF4AdzbTq8Bx.jpg,rose
fEShdFPBq3T2L2L3.jpg,rose
vWnHrjDUhyauDWMz.jpg,sunflower
ptu8fZDA74UHVGW9.jpg,dandelion
S1RJW1r0cpGgYphE.jpg,daisy
Egn9C37zY1DIDVGt.jpg,daisy
k1SHVDRlJThWkqya.jpg,daisy
kgwTNG0o8pdEhmwK.jpg,daisy
01r6DFNi6ovV3Yyy.jpg,daisy
rf3XJ4BTAhlur8MP.jpg,rose
cJbTRP4PRsCvElPq.jpg,daisy
IaA0JF2yILmf690r.jpg,dandelion
wolRVFvHF4YxvxPV.jpg,tulip
ILx6kRHN8olMBILa.jpg,sunflower
wJg2xJBsvDRbFzQe.jpg,daisy
rbcj5rgN2iEAacdz.jpg,dandelion
V82GJEGGuHYHZoxw.jpg,tulip
BKB3YvCqaJZgvfTy.jpg,dandelion
3Kt69pmqVGjlCjLH.jpg,sunflower
2ZoDxmNo5oLBtbcA.jpg,dandelion
F0czoYpkD0tqCFKP.jpg,daisy
sQuBwORiXnFh4fFy.jpg,dandelion
2YlUiYIYPHZntVN9.jpg,sunflower
j6qrtJkj5Qn8HJda.jpg,tulip
j8fB0DYuUhvNuaDb.jpg,daisy
8ZoDPQXzLwmTNlWK.jpg,sunflower
qs0mQLvtlHVCvz8l.jpg,daisy
73CX72Urh0wtsm0d.jpg,daisy
pkqYGcTkOXvFzFIx.jpg,daisy
9PWGrTchEu5i1Yz3.jpg,rose
UrO0j19GFlYAGX6o.jpg,sunflower
DarskpfnsQ4lsMdi.jpg,dandelion
JpLr18vll6RhEsaE.jpg,dandelion
7KcWhu7sWfkdUv5B.jpg,daisy
bkLrnZypIVmVi9ki.jpg,dandelion
oil3roeWXcO9mTUR.jpg,daisy
Td50sFSIK0FH8IVX.jpg,dandelion
efNaM3JWM7PCPhP8.jpg,tulip
ZUjH2HlWg2XsWlu0.jpg,sunflower
7n8kW1BHYNwAC1Zg.jpg,sunflower
e3Gh29S0lJ4d1Wlh.jpg,rose
nBTBJOluH6f5LfZ6.jpg,tulip
REAqJuRht6mxX8Ef.jpg,daisy
ROnUtuU2RIS2XzrS.jpg,rose
J95j4AovAQ4vcFHp.jpg,dandelion
WnBRZFpH9FkFdTrT.jpg,rose
Adq2c0LetSjfu57l.jpg,dandelion
BaDCNQQ5p6PTRVpC.jpg,daisy
StOaQZSArvUixu1U.jpg,daisy
AHdhrDaMEI8QEZeu.jpg,dandelion
u2SZomGPFiPLQG72.jpg,daisy
iO8dC7KvP0OHWTpH.jpg,dandelion
3KIoa7OQ5CmaaJtb.jpg,sunflower
L54Df097b8Q2299i.jpg,dandelion
CtVx0QnKLFNO9AyP.jpg,rose
SPeTD2p6BJYH0yDI.jpg,rose
vmAHPJQb8XBVwidc.jpg,dandelion
kTPutb7BgGOcaQmh.jpg,dandelion
Ga6Iu8YprF03vAjt.jpg,sunflower
Kaj9kGzrPOpidWnd.jpg,daisy
hlgp9j6b1lMpa85u.jpg,tulip
1bGolAMGkZfyOXhG.jpg,tulip
kVb0E95Pa8FRIsxP.jpg,daisy
ZWfcHI6J4KA8KzUw.jpg,daisy
h6X4jpuaqmsJAgwt.jpg,sunflower
IF4RXeIueZ70vwRe.jpg,dandelion
FqKQXCntF0cT3Qdf.jpg,rose
M5so9y3GCD1OF3IW.jpg,rose
GJ4ov4370HAvVbpx.jpg,daisy
tFj0Yqddf8yJWB1n.jpg,rose
btp9mScrs5ugU8Dw.jpg,tulip
WJF32sVNOr7N6Gse.jpg,rose
Vik77D67p8ia6G8T.jpg,dandelion
3E3HJ2i25DEIdJk1.jpg,sunflower
eb4jqQOl4AZdufer.jpg,daisy
stdcD8SEc4IlB70Q.jpg,sunflower
45LgawKLbZx0JL44.jpg,dandelion
VWvz7Dmzi5mst7Mv.jpg,daisy
lneC1tQzGEGfuv04.jpg,rose
xkPYovj6HCq8e99a.jpg,sunflower
A2bJvBKRLXBjHpK2.jpg,dandelion
YwQfBARRJYM0LOXS.jpg,daisy
ywOA94OkXoW4P2Pz.jpg,dandelion
Hl316gHmpE2Z0LDf.jpg,dandelion
YTVdezmV57e7wAy5.jpg,dandelion
f1s3yMDxMoe13vaZ.jpg,sunflower
cXLtkM25CvIGGlQA.jpg,dandelion
dbAxSIB34CChzeO7.jpg,daisy
nFjCnXjZ79eC9phK.jpg,rose
27uiplfGrzHIHW0v.jpg,daisy
0yGNeRqaaV5oIT4B.jpg,tulip
0GthD3P3CW3TSwLb.jpg,sunflower
ByLh3BjR2TeeLEPl.jpg,sunflower
isLK9Nh8TtdGBFhz.jpg,dandelion
gRrIJV1oHVMHSCI0.jpg,dandelion
ccDl4m2R8rY244F4.jpg,daisy
mOyo4Gp1YkngAV64.jpg,dandelion
mLN2ZflksbOhaBrz.jpg,dandelion
VWbwqrlINSBr21C1.jpg,dandelion
ymUT1S3MRf71r3Sg.jpg,daisy
KvZdpDFaNPgaPVgO.jpg,dandelion
HPlxA9YgovnkAxDH.jpg,sunflower
vT4RZ5l2rteaxOqE.jpg,sunflower
Mx3ZctxWwDprGcS9.jpg,daisy
nsyvBILt9z7X6nle.jpg,tulip
5mzA9rWGLhV5P1aG.jpg,sunflower
dJjKaEkwJyqI5UrF.jpg,daisy
pvnEy9S7MpX86H9r.jpg,daisy
JQTb5x2wio360ULB.jpg,rose
K3dvDFgLQ3lCusuf.jpg,tulip
GsUvU8H1yomkrWcr.jpg,rose
p4cSxE5Gytxdmx6n.jpg,sunflower
kQVkjZF4sp2MZC3i.jpg,dandelion
7C4NGYhkfhzCcwxy.jpg,dandelion
e1C4QvhGwDM9Bmgs.jpg,tulip
RKU9d161xCkZZQpN.jpg,sunflower
eCdbOYYi96EUJkwz.jpg,sunflower
lTsCQYjfVnhUfizs.jpg,daisy
iUZYyiUEieiTRGXj.jpg,sunflower
vkoLfjiVH66Zfa6q.jpg,sunflower
Sk3JvchtzffEGWo9.jpg,dandelion
XuUlBdc0NJQzbVF9.jpg,daisy
E6p60EEC46496LGB.jpg,dandelion
0YGrHviL9OIaOlov.jpg,sunflower
igi3WfYDVwijk4sl.jpg,dandelion
PkqaK9J5u3ZMz7hb.jpg,daisy
p3qyxRh38mbDVjYW.jpg,tulip
iPzrmeRBDJNn6eea.jpg,tulip
M4bzOictmdSvEeqX.jpg,daisy
QFxCVw8aDp4yh8iT.jpg,rose
9AjSKBl2FfpsnMUY.jpg,daisy
EGq3DCZPaO9Bn6Bx.jpg,dandelion
z8BrjA5WESlQ1NSh.jpg,daisy
ryZBXkd0xzXx1hxB.jpg,dandelion
sLImnZ0J6AXfIAwE.jpg,tulip
IAEDFCc3VypdGD2a.jpg,dandelion
YdawWATbFnou4mzm.jpg,daisy
iNjT1iz6P9XODM2U.jpg,rose
80EYfsDYbho3nUyp.jpg,dandelion
onBX5SY0wdfZQsm1.jpg,daisy
tDZGFiW8UMx8BQsh.jpg,sunflower
z1jAuHyuyuppVfnG.jpg,dandelion
9Wbxa69xOu8dxSfM.jpg,dandelion
qUwg4sveG7KwJsR1.jpg,dandelion
zZy5FWarOzotdHYW.jpg,dandelion
Xg9SEYC02Xbo3n6i.jpg,rose
qTBhdz00J2OeSsdP.jpg,dandelion
ZLaq3Ky5k4ctFJeU.jpg,rose
XD0RntbG6LdeR4QH.jpg,dandelion
RHVRvmpJSHePzCcw.jpg,daisy
kkl1hhBVF8vGqDys.jpg,tulip
mt0GRypsgl9Uy6CS.jpg,dandelion
vYznaA1F6NG2kqyi.jpg,tulip
kaN77hwmvzGdwwzR.jpg,rose
r87ggAvzv4NXpgbu.jpg,sunflower
BObvZyB96HTWRZPd.jpg,sunflower
r0ESDkA5gD6mh0wD.jpg,rose
8f6CTMPsoKgnskDc.jpg,sunflower
7P9q1hgKOH22uLSe.jpg,tulip
RzQp8FP7ewxJMB4i.jpg,tulip
IIQMtnDh0zifRM4d.jpg,sunflower
urFLRhSoZIlVAC8e.jpg,rose
u4t3cXFVnNogR2j9.jpg,daisy
rCh1KnAI18nzr0ii.jpg,tulip
VNOzk6ibaTobeBNw.jpg,daisy
7QfbYzzDS8iG6k3f.jpg,sunflower
4uVEkpjvJSiCNSzH.jpg,daisy
qmE6XCGJUALilf6T.jpg,tulip
vPrG08jvLtG1guzD.jpg,tulip
HBPCMpKZ7tYxPzsT.jpg,sunflower
SnBk0ZqPaLScQY35.jpg,sunflower
sKYpvBZ4OR9Cj8d1.jpg,sunflower
SjmRkVgJtzTaKojD.jpg,sunflower
DjuDxyKJRFI53WUQ.jpg,rose
BMJ87gSzYWMQy5UV.jpg,daisy
im3Je66VddBTMwuR.jpg,daisy
S6F3ZNt2p7tasbt1.jpg,tulip
73QNioWgycC9kOkp.jpg,tulip
oILetZhJ302fWHmD.jpg,rose
qPAykiwFJWGiGrHl.jpg,tulip
cD7vx5Z11gxmfqDV.jpg,tulip
dat8uuEYSfrvNuJL.jpg,tulip
qnUjobMJx5LoSicM.jpg,rose
2uirKhoRi3tMOz7l.jpg,dandelion
Vd53ZWKT6uqRAKyx.jpg,daisy
GQ5q4mhNLLuXRs3I.jpg,tulip
RYV4crdrKLRkoJ3N.jpg,rose
2T9UEFmHKH225aQy.jpg,rose
roW4KCGUEXK7cAKp.jpg,rose
sJeJY430VHoXUQ0e.jpg,sunflower
Fqyr63Mg70M2hjwc.jpg,tulip
UmjIRUtyO8JoO9e8.jpg,tulip
DV9o1zl9JqMyp7TG.jpg,dandelion
MOxF9AHpXt39b0e7.jpg,dandelion
s7Cgj18w8G8YMseG.jpg,tulip
53IIcuIdha0yu6bw.jpg,daisy
Dqz8fLOKkYI07X3p.jpg,tulip
2pk2OdKCWewnfFKN.jpg,dandelion
jJ2q7me1tnimTHln.jpg,dandelion
Ee7cmOqltPpzOxDG.jpg,tulip
s9AbTd8YBSaexnRC.jpg,sunflower
3Kmc49DTELk0PRnU.jpg,sunflower
PhHjNbTVKYQUsHL9.jpg,daisy
mMqRcqBGIpaOBmAy.jpg,tulip
7HHTK2VgYy5j87Pb.jpg,daisy
DrG1tzJWUD4QfcpN.jpg,dandelion
cdofOxoSMcSFy6nS.jpg,tulip
iJ0xaxdGTqJn3m5x.jpg,dandelion
0QPB5kswLIntjzn1.jpg,daisy
gTOHQDeJxHBp4Awl.jpg,daisy
10E0OL2RbKbD85GW.jpg,daisy
kPUc4KXsDmozEW6O.jpg,daisy
tsJyZztWyrLC0v0S.jpg,sunflower
FYjLs6OZ5S4gSJbu.jpg,rose
I5M2Uu1jQGPp7pX5.jpg,tulip
E7sU7qfrn9O1z2VX.jpg,tulip
TviP6ugl7dTLQsqS.jpg,sunflower
x6yJa2xJXNddctsV.jpg,daisy
g7p9P4XeR8UFut0v.jpg,daisy
R3FSZRIWbawtwEMm.jpg,tulip
4447YOb6yzEGfiqC.jpg,sunflower
kvqLlOFKe4PrkmmO.jpg,sunflower
9HOtJNYxHpJz2YgE.jpg,tulip
4qijKTjZtt3O6uMS.jpg,tulip
kxozDV5DY7L15N58.jpg,dandelion
jIbyxY1WQSImavm8.jpg,daisy
nkUGh4eSiRSQh9lX.jpg,tulip
IjtIv2oRySTA3SAM.jpg,sunflower
Q6yyxrxE4w9pEwF4.jpg,rose
Tpilyic4BdAY2Wm6.jpg,rose
eaK1VxPGe149KyaZ.jpg,rose
ixIkQJvNt7PWQFCi.jpg,tulip
YISvEReFCZ2FmMKh.jpg,sunflower
q0flsC6E0f7ctp8b.jpg,dandelion
4nFs6iRDjz55Kw8K.jpg,tulip
5oshSb8LOErqPzn8.jpg,dandelion
ayIwnpNLTPU6M3pg.jpg,sunflower
TJGPtg28xKePZU24.jpg,daisy
dYUiKTtm7xICT7jg.jpg,daisy
CKcQkHnmEObh78Th.jpg,rose
laxpYiIJxj7JZSy0.jpg,dandelion
fQvl8mbqE0Bo32aT.jpg,daisy
Acpbc5bCfyZci1jH.jpg,sunflower
sSRq4cyuoBF7Yv2s.jpg,sunflower
wQXWTjCEknYvQo5U.jpg,dandelion
opvCHb6JGRicPiYm.jpg,rose
jJ5rpAOwUsZDd3h5.jpg,daisy
c2UeSb8pNIaMvKb1.jpg,dandelion
EB5Ae7TufHGuz4wb.jpg,tulip
3D4lGK7HvHnKSszE.jpg,daisy
zfaoNjFkjQfCl0GL.jpg,daisy
QY493ZYDUjs2kmG0.jpg,daisy
NbHdFwUFmuMzwt2h.jpg,tulip
87btC7Y47Fm4Ca4P.jpg,daisy
lSd1hfHGWhhw7OhR.jpg,dandelion
xfDSvMoI8Q8y1An6.jpg,tulip
cYzLj0kiP5dkXAos.jpg,dandelion
IgoZV1nS2zC19CXI.jpg,tulip
kwHd0SsTCiSk9Son.jpg,tulip
d6FCg7Y08SkPKpLC.jpg,dandelion
56FVGVEGT9r9m0lN.jpg,sunflower
pk37sEr6NQctfIsR.jpg,rose
cLxQh6uOkaXuwfBG.jpg,rose
bIktcpk3i7us8Fjp.jpg,rose
rWEw1klRmeaLXpcM.jpg,dandelion
8o10ahDwOdFQruaA.jpg,rose
VZJ8wvVMmECIu4wU.jpg,tulip
Y1mOhVYfKVpAli5O.jpg,dandelion
J6zVSIUIdkPLqP2v.jpg,tulip
AtjuIRsIY4Fy9ZiW.jpg,sunflower
j3yIjJDuYKrWkcAz.jpg,rose
N1vhFS3XAg7KXfsl.jpg,dandelion
xQ7Asu4oVEYFFXv8.jpg,sunflower
yNTpWijQNJrFImK4.jpg,dandelion
iA8SigzVgzFHrrhY.jpg,dandelion
RXlhY6vonWnmNZhr.jpg,sunflower
9fKi6secBsXPDUAY.jpg,daisy
r906ibaqN4GfuoXX.jpg,dandelion
bJQGYWX6AcUtPnlC.jpg,tulip
dHVwdhStJNMy7ZJi.jpg,sunflower
7Y4oQg2b135hv3Fa.jpg,tulip
AOe4wmE6hAXzK4nm.jpg,daisy
UflfMmRZkNH4TeoJ.jpg,tulip
afMtwYxUtJeYSwjE.jpg,dandelion
Q7ORP6Nv1ypmdz5U.jpg,sunflower
eZUDJjKrdxjSqxiw.jpg,daisy
72S8i1spgfIgj7Su.jpg,dandelion
3uWTbtkgFGnBLAEe.jpg,dandelion
3iwyGq7L69kNEPVx.jpg,sunflower
1eTpD6hIIjnyf6QZ.jpg,tulip
37nvVKmewSHVsGae.jpg,daisy
de7IwDUseT5HfEej.jpg,sunflower
iZi24OKxcG7H56mm.jpg,dandelion
13iKUlmYSK0kpZ0V.jpg,daisy
I2Mb7iGNsS6FP2XH.jpg,daisy
AML1kRH0lyouhjU8.jpg,sunflower
sh6iG70MdXIXssct.jpg,dandelion
bq7eakfKbNvyCUJw.jpg,dandelion
wDXlaCUazGqc1J8S.jpg,rose
uTM4M0I6YHsPrxdI.jpg,tulip
U27cElOjlEZydWoO.jpg,sunflower
n4lgsjovsfDNdfEK.jpg,rose
7LNJZprIK7CetQM0.jpg,sunflower
lX7DZCbH7isrZOuK.jpg,dandelion
3xji5wAh7XqjZz28.jpg,sunflower
OLcgwPtRYIHygygp.jpg,dandelion
DvNJ0fzHKFGjDSNE.jpg,daisy
0nJVGuWJNiSjd8TT.jpg,dandelion
1Um7Gu6oq44EC9vl.jpg,tulip
CNMbDDTahNGZXHoB.jpg,dandelion
6O8ci1Eg1xH2BXfq.jpg,tulip
SYOawS4W3lYKKY5O.jpg,tulip
oNanMGeqvPaZhCOm.jpg,sunflower
bVbvoKuU4oPekdcC.jpg,daisy
lbJma1QwGSnPKRnm.jpg,daisy
46mKcOJHXU6L1o1D.jpg,rose
4UvKKYLo5yDLwlXy.jpg,tulip
5wPSxK3xkmFwR4Ik.jpg,sunflower
s2OpWDOWMGZaqeuA.jpg,dandelion
K4YrktIH1CxCJK0J.jpg,daisy
JGCmKDcvoj7VXKfC.jpg,sunflower
nkP3cHbojECv4ZhG.jpg,rose
fp69vOvPnkK8tbcm.jpg,tulip
wFeIQZUywx6vU7NJ.jpg,dandelion
EIHqsKFKTuJeE6or.jpg,daisy
9gDZu369bIDvGTQP.jpg,tulip
splEhUrMPZJ6pDmu.jpg,dandelion
HAvBqiiQK0mVZlk8.jpg,daisy
LQCC69i5k1kkG1hw.jpg,dandelion
6ghbdsXX7pxcMQH3.jpg,sunflower
a7wVQ3o251ORKBnp.jpg,sunflower
OIGgvgp4PTSFo7sk.jpg,daisy
t3aIp8SUna3GuKOM.jpg,sunflower
KeLcP5YJj5B8wnof.jpg,dandelion
MFbcptP2HMnMdf9w.jpg,dandelion
XvOzFrGFxLjVC8MB.jpg,daisy
p3bE23V2NSAevoTU.jpg,sunflower
QQYmKNpMZ54I0prU.jpg,dandelion
0481u16C4KQEMpX3.jpg,sunflower
SX5Uw7dwUvcsAZ95.jpg,tulip
dx55unZEUwUKZAql.jpg,daisy
XLBD6hNMd0iWi6bI.jpg,tulip
IF0iJdUNzdCZz7sW.jpg,rose
LNdWvtYWbqtVeRW2.jpg,sunflower
MGr9YFyuPeUNNLeN.jpg,tulip
7ZS1mcOBrOC9kShP.jpg,tulip
46HtQQKBxnwsdN8R.jpg,rose
vX4olPZN9KMQIzQd.jpg,rose
3ZRKtm8ukd0ko0uW.jpg,sunflower
l8ZMxVSuYmTy3Zv0.jpg,dandelion
ermJA7IRfc1U1GxT.jpg,rose
AikoXIU53sZEvTvV.jpg,sunflower
ZQFqeK89lBLllWcO.jpg,dandelion
e25W1aIEa2Ed6gXP.jpg,rose
oj8cRfDbj3vBshAX.jpg,dandelion
gmv8L8Q2Ct6yBi0j.jpg,rose
CuVgKrcj604lqaqb.jpg,tulip
2zNVRKg4iAh5NyxU.jpg,tulip
5xFL3z1DJLsboGq6.jpg,tulip
q4phBfJDaoU1jw4N.jpg,rose
X4YBo2quUOGq9O6U.jpg,tulip
dqXE5VdjCXBIqizo.jpg,daisy
PfTBtr9iZO6QvgEy.jpg,daisy
85S1dnaKQqxf2E0h.jpg,dandelion
E8VCQS7eVPt8Bmpk.jpg,sunflower
LHd7ffo0etYp5W2D.jpg,dandelion
uUqUqs0lKX0RlrFW.jpg,sunflower
SEOYmnM4jJIrK5Bj.jpg,tulip
cQNNFYQOkyKCoxi7.jpg,tulip
WICheT0jzc9RfSvc.jpg,dandelion
vjYjgfu02kwmftIZ.jpg,daisy
6fWsv0LRDQAeijSb.jpg,daisy
1KIPQoPdBqn69a50.jpg,dandelion
9rnli7sMG435873e.jpg,tulip
M3rH3j0wZIhfJ8Nn.jpg,dandelion
OvohdSEuNzCKWzbI.jpg,daisy
gEFtyqXdJ7KEItym.jpg,rose
CfRCBAf9tx9ikRF5.jpg,daisy
X0SU4vZGtFsRXNU7.jpg,sunflower
H0REqBS4JOYgkMng.jpg,daisy
43ti88s2GnWiKcEt.jpg,rose
6bN6E0XlCeyWcPAj.jpg,dandelion
CoJXKJpkjDX70OHA.jpg,rose
vQe9COXwgLZiw4Kd.jpg,tulip
vSkAbRmnWI1aozyy.jpg,tulip
Do0gzu9AYpVFTwxS.jpg,sunflower
Z3lU0Vlt968Ig1py.jpg,tulip
Z54Ki2XXrUES0h4y.jpg,sunflower
1kaBNWmCLD9HFPPk.jpg,daisy
tlyZRXYdUr0JWAo0.jpg,daisy
gdfCAyS0QobwbzBs.jpg,dandelion
d7DEDRJLojRdDG5y.jpg,daisy
YXPwmxNCbrTDzfWc.jpg,dandelion
A92Kg9LQG6wxt96g.jpg,tulip
hU2gsLG1uwne8Cd7.jpg,dandelion
8WJmOIiez3G0kHJu.jpg,tulip
KFNLnCjgQCiFyJCQ.jpg,dandelion
H7kKXlWmKCIZVwmz.jpg,rose
paBaWT0S7V0WmMaY.jpg,dandelion
Ev7rnVqoy9blHTrf.jpg,daisy
QzeiQMOn0dlzi2eM.jpg,sunflower
N5FZe81jVTCo54ff.jpg,dandelion
6QmjDr9BwZhqcdun.jpg,daisy
a4dRNLbo97q6blrH.jpg,tulip
12bHyBg7YG4ohvfS.jpg,rose
2e7V1DUfFAzDqIIG.jpg,rose
un9WSPxIh0QD4ZKX.jpg,sunflower
X5jdGBwhdts4uMCY.jpg,tulip
udvZX8DPo3MJC4bb.jpg,daisy
Y3n5E4tfCeoUW99H.jpg,rose
A4ZcwabI5YaWWaXW.jpg,dandelion
FhB5YfEL8oLBzVAE.jpg,dandelion
xOI2OPEgiYiLWWGh.jpg,dandelion
y7oarIMuI1ADkpbY.jpg,dandelion
o0NEmPdhzqr4xLGW.jpg,sunflower
ib1bmHnxaohJysFk.jpg,sunflower
TEtsgeidx4ScQfNi.jpg,sunflower
sdGY1GDcGnTo4u75.jpg,dandelion
cH24vfXn5tst4hcO.jpg,tulip
YYxppZW3jt4yG8xV.jpg,sunflower
5r8rebvVfGBZqfpN.jpg,rose
TCqrghOjj44mbhP6.jpg,daisy
WJpj0VrhrCeiVBXm.jpg,rose
g2sRG8hagkPoHpfa.jpg,rose
c0JV6Q5zu4DV5qOe.jpg,dandelion
HrCJ9aZshQtpG7m7.jpg,sunflower
zf6xyAd8xMatH7ad.jpg,sunflower
O1yv6rWUHspYj3H7.jpg,rose
N7fmSuJ0oDegMSKS.jpg,dandelion
45GcUpOsnaaWC38V.jpg,tulip
aY7ItF1b1OrFE9Gj.jpg,daisy
7QJL2etgUiKCE33u.jpg,daisy
jWBFlSIUbGr744pR.jpg,tulip
NZQNS5ty6mI9n246.jpg,daisy
aYuoa8vxYuMqCBea.jpg,tulip
DFMNBJwfZytQPEQg.jpg,dandelion
CKg63NVzq3F8nlNg.jpg,daisy
H3DVeFv6i5wfFtuR.jpg,dandelion
MUVycj1aQFQ4APIx.jpg,dandelion
f7a6sgcmNvqDK14p.jpg,dandelion
kJeRQWodmD3npvOK.jpg,rose
cwyGIsgWhlOaG0I5.jpg,sunflower
DM2kUGUyKbXIvqgh.jpg,sunflower
y9Q4vkcFG9WHw6br.jpg,dandelion
ol6d5AnxCbC412ID.jpg,dandelion
r8oBxCeO9HtKBdm3.jpg,tulip
RAPWWeHhRYgOWGKP.jpg,daisy
jCkvC7b8oLajCTr4.jpg,tulip
TtWRCm7XwfhVGjN4.jpg,rose
kfQVlhK1ZrBISgM9.jpg,rose
7fLW4Am7MuMfRXwq.jpg,daisy
P9eNpcQ1OmVYomBF.jpg,tulip
aNNy67mcpboFsOiw.jpg,tulip
WNnBRntY5ghrpJAZ.jpg,daisy
C0Y0tAK9zELz3NnF.jpg,rose
rPuDNEpzzk4UO2Hg.jpg,dandelion
USv2hIuD5RIzcXaW.jpg,daisy
LsBxFn7sjnZhRqzd.jpg,rose
OsWF7dsJ7AHLrw0C.jpg,tulip
TsBkWt79EpOw6QVW.jpg,sunflower
dfw1iy7cybKuYM0H.jpg,tulip
bzEIPjDI5hQh5njw.jpg,sunflower
BqsXjTFmvVzNhNut.jpg,tulip
XhXu8iUhEEghCfsK.jpg,dandelion
FKkunGosPrZlnnf1.jpg,sunflower
OoKr9WasowC5mm6y.jpg,sunflower
HmNFQ4nbz2hIJNV5.jpg,dandelion
3NAW28nwIB4xxIRr.jpg,dandelion
rDLlMfz2No05T9Oj.jpg,daisy
5GdTvBPdmdjCJEXP.jpg,dandelion
1n4OFFv1IC0HEdwN.jpg,dandelion
l7JKYL98exRegtnr.jpg,dandelion
pcuZq8GF2O996IJI.jpg,dandelion
9VqiaR5hhOaVjW4c.jpg,dandelion
bZ5jcOHnVyGzwsth.jpg,tulip
bNbfF1VbEGOVu0nJ.jpg,sunflower
MhP2cqohKyCsU3VJ.jpg,rose
caAX8LflrddGEv4F.jpg,sunflower
4cwlarUpohkMMDKX.jpg,rose
44vGjYqI5exRGIVw.jpg,sunflower
dflQf5hZK5ha2Mhl.jpg,dandelion
9B0Bf9u9bMfdW1Bg.jpg,dandelion
OsaMCqlIWE4mWXpG.jpg,daisy
gqD4Obm4E3rE8UNi.jpg,rose
DcYgrqsbkCs8lDu4.jpg,sunflower
G8ZdE08o8qzxGfBg.jpg,tulip
AZhSXuS0TPuaUrXX.jpg,sunflower
5PK52gh3QFFn0loB.jpg,sunflower
jrbPHxOSRafyRAB6.jpg,daisy
JO4u9ObDtWaNSX2z.jpg,daisy
KpEvxsgDEP0YDIPu.jpg,sunflower
qXMHltUCWkKsss2J.jpg,rose
1fKY9FtrJ46efghA.jpg,dandelion
J4xvFQ7oUoFDOPJx.jpg,dandelion
F1E6Oltg2GKqoxzQ.jpg,rose
n8zJ8wFhepR3NpSS.jpg,daisy
ve1N5KipZgnPSx8G.jpg,sunflower
8UXzgeg5DlTfD8ZT.jpg,daisy
9oYEcmhhvVOckKEt.jpg,rose
XKvpIVcrHYhqEHW8.jpg,tulip
cv7PHABbMSVwFhKl.jpg,sunflower
fMWycW6Azwd74RGT.jpg,daisy
NxUKBYdvMuZ8uR6p.jpg,tulip
ymP7DH84RVAYHssP.jpg,tulip
O7GaUTwjaxEidaar.jpg,sunflower
sfC04wc2QTrFxuvm.jpg,tulip
Qftgei96Ier6Uu0M.jpg,dandelion
q4AUE4kE9FlS7RVF.jpg,sunflower
f32LQwmYkyFzRVZE.jpg,tulip
eQJTOWjLHaWGu166.jpg,sunflower
kPWJYa4gGnYbXvq3.jpg,sunflower
tgRKpJuXHh7EXkez.jpg,dandelion
V5AH0SCTyjOogeRH.jpg,tulip
Lcf2fRqxBK2eaIt8.jpg,dandelion
1G0EjGAuOay8qBhd.jpg,rose
WN7ZyaxSeNNx6urm.jpg,dandelion
1KHFEzKtCPuG53Ym.jpg,daisy
nPrTz1EK5Njo0Yld.jpg,dandelion
SKqwfUQqX3BMFCfz.jpg,dandelion
wT4rz5T0k8yzaLYy.jpg,daisy
MCtJpgI507bR7aWY.jpg,sunflower
WqB7SA3DTyugI9Yk.jpg,rose
FCTbN6a3h5OSz9n4.jpg,dandelion
NwSKgzlJD0BQjK5Z.jpg,dandelion
PdJ1bAvD1ANbgk1c.jpg,dandelion
zZ8LcyDmqeOoGA0g.jpg,dandelion
1tA0ffEtXRxgMteT.jpg,tulip
GzbL6dzH62iWlfcM.jpg,dandelion
11ftf0CwxJTszE1H.jpg,tulip
Rau9RwAij5j6Pigs.jpg,sunflower
xGNmfHRhYykEvCgN.jpg,sunflower
zXEROrflxRM5RaRt.jpg,daisy
9I08ym5OP9G47paS.jpg,tulip
l6nMPDj8g58aKVEQ.jpg,dandelion
SgUUgFjY5qVcnXMm.jpg,daisy
nztSGhzUzsMVkbJD.jpg,tulip
QjcWKgGYCbZuVHy8.jpg,tulip
ySbnQKFyjfu6QHZP.jpg,daisy
0Vv4Rh4pBypuIR5v.jpg,dandelion
TbcSq98YiAKpOJyE.jpg,sunflower
vIdnIqQRIVvyQGqP.jpg,daisy
9kyB3UlFU28Gishc.jpg,dandelion
sxzjZWrwMahRGYSp.jpg,tulip
BwUtt0EXL7ennwvZ.jpg,rose
EdepAllNm1I7yjUO.jpg,tulip
a1gX4KReKoJCOF7k.jpg,rose
uWreR6nnCjTamoSp.jpg,dandelion
caKrdlPZ1ylPZhKs.jpg,rose
6RJJuiShIcqGe8Ny.jpg,tulip
G3dfK5yWp29zOCFJ.jpg,rose
9iGQeyIPS9Asa2kK.jpg,tulip
G0apg18fFaKnUDOt.jpg,tulip
IfIy9Odqp80QWKVb.jpg,sunflower
mh8XvwPw5hFEIrhw.jpg,tulip
RmIJBt3pkNDHWmxV.jpg,rose
yLLoxBGU7w2v5n0C.jpg,dandelion
GoVMOpuLyhVfnSBd.jpg,dandelion
I9FtCdzJ5IOdKAlG.jpg,rose
SK0BcAkkk2rKapwO.jpg,rose
0JZulFCxBOc7r2Ko.jpg,rose
RIsqvkgzyYXk3UnT.jpg,daisy
r63DB5Ju9vVGKfyR.jpg,dandelion
JQ4rH1dKb1xGzBxQ.jpg,rose
0nGcpcB1kf7xOR4w.jpg,dandelion
HotQqmiAuu3cnCr1.jpg,tulip
wtE4GqsOEFbyN70P.jpg,dandelion
34Vq6a1ssTSRYYtQ.jpg,rose
